Sun Sep 13 22:20:35 UTC 2026
Hit:1 http://archive.ubuntu.com/ubuntu jammy InRelease
Hit:2 http://archive.ubuntu.com/ubuntu jammy-updates InRelease
Hit:3 http://security.ubuntu.com/ubuntu jammy-security InRelease
Hit:4 http://archive.ubuntu.com/ubuntu jammy-backports InRelease
Reading package lists...
Reading package lists...
Building dependency tree...
Reading state information...
curl is already the newest version (7.81.0-1ubuntu1.27).
less is already the newest version (590-1ubuntu0.22.04.3).
locales is already the newest version (2.35-0ubuntu3.15).
openssh-server is already the newest version (1:8.9p1-3ubuntu0.17).
software-properties-common is already the newest version (0.99.22.9).
sudo is already the newest version (1.9.9-1ubuntu2.6).
tmux is already the newest version (3.2a-4ubuntu0.2).
wget is already the newest version (1.21.2-2ubuntu1.5).
0 upgraded, 0 newly installed, 0 to remove and 51 not upgraded.
Reading package lists...
Building dependency tree...
Reading state information...
git is already the newest version (1:2.34.1-1ubuntu1.17).
rsync is already the newest version (3.2.7-0ubuntu0.22.04.7).
0 upgraded, 0 newly installed, 0 to remove and 51 not upgraded.
rm: cannot remove '/etc/forward_port2': No such file or directory
============================================================
BOOTSTRAP — branch=finetune-v2 arms=A_raw,B_ft3,B_ft10,B_ft30 workdir=/workspace/tfm
============================================================
--- GPU check ---
Server listening on 0.0.0.0 port 22.
Server listening on :: port 22.
Sun Sep 13 22:20:40 UTC 2026
NVIDIA RTX PRO 4000 Blackwell, 24467 MiB, 595.58.03
--- cloning ---
Cloning into '/workspace/tfm'...
Warning: Permanently added 'ssh6.vast.ai' (ED25519) to the list of known hosts.
--- installing deps (tabpfn==8.5.0 scikit-learn==1.9.1 pandas>=2.2,<3) ---
WARNING: Running pip as the 'root' user can result in broken permissions and conflicting behaviour with the system package manager, possibly rendering your system unusable. It is recommended to use a virtual environment instead: https://pip.pypa.io/warnings/venv. Use the --root-user-action option if you know what you are doing and want to suppress this warning.
--- verifying torch sees the GPU ---
torch 2.7.0+cu128 | cuda 12.8 | NVIDIA RTX PRO 4000 Blackwell
--- fetching gated TabPFN weights (PR-9) ---
    {
      "cache_dir": "/root/.cache/tabpfn",
      "cache_dir_source": "tabpfn.model_loading.get_cache_dir()",
      "repo_id": "Prior-Labs/tabpfn_3",
      "filename": "tabpfn-v3-classifier-v3_default.ckpt",
      "source": "ModelSource.get_classifier_v3()",
      "target_path": "/root/.cache/tabpfn/tabpfn-v3-classifier-v3_default.ckpt",
      "cached": true,
      "downloaded": true,
      "sha256": "d0d865d54dfbc524f5703104be90620182dca7e5fb2c16de72e9959ea18f3988",
      "bytes": 212804803,
      "licence_gate_will_fire": false,
      "token_env_present": true,
      "status": "downloaded",
      "error": null
    }
    weights already cached -- the licence gate will NOT fire for this run
########## PREFLIGHT SKIPPED (weights already cached) ##########
    the licence gate cannot fire: TabPFN returns before ensure_license_accepted
########## ARM A_raw ##########
REFUSING TO OVERWRITE: 1 existing record(s) would be replaced.
  uslapseagent/A_raw/meta.json
  Re-run with --overwrite to replace them, or --outdir to write elsewhere.
########## ARM A_raw EXITED rc=2 (137 = OOM SIGKILL) ##########
########## ARM B_ft3 ##########
usage: run_pilot.py [-h] [--dataset DATASET] [--outdir OUTDIR] [--overwrite]
                    [--arms ARMS] [--aggregate] [--epochs EPOCHS]
                    [--seeds SEEDS] [--folds FOLDS] [--rung {P1a,P1b,P1c}]
                    [--train-size TRAIN_SIZE] [--test-size TEST_SIZE]
                    [--learning-rate LEARNING_RATE]
                    [--n-estimators N_ESTIMATORS] [--save-models]
                    [--assert-lodo-for ASSERT_LODO_FOR] [--pool POOL]
run_pilot.py: error: unknown arm(s) ['B_ft3']; choose from ['A_raw', 'B_in_domain', 'E_glm', 'F_catboost']
########## ARM B_ft3 EXITED rc=2 (137 = OOM SIGKILL) ##########
########## ARM B_ft10 ##########
usage: run_pilot.py [-h] [--dataset DATASET] [--outdir OUTDIR] [--overwrite]
                    [--arms ARMS] [--aggregate] [--epochs EPOCHS]
                    [--seeds SEEDS] [--folds FOLDS] [--rung {P1a,P1b,P1c}]
                    [--train-size TRAIN_SIZE] [--test-size TEST_SIZE]
                    [--learning-rate LEARNING_RATE]
                    [--n-estimators N_ESTIMATORS] [--save-models]
                    [--assert-lodo-for ASSERT_LODO_FOR] [--pool POOL]
run_pilot.py: error: unknown arm(s) ['B_ft10']; choose from ['A_raw', 'B_in_domain', 'E_glm', 'F_catboost']
########## ARM B_ft10 EXITED rc=2 (137 = OOM SIGKILL) ##########
########## ARM B_ft30 ##########
usage: run_pilot.py [-h] [--dataset DATASET] [--outdir OUTDIR] [--overwrite]
                    [--arms ARMS] [--aggregate] [--epochs EPOCHS]
                    [--seeds SEEDS] [--folds FOLDS] [--rung {P1a,P1b,P1c}]
                    [--train-size TRAIN_SIZE] [--test-size TEST_SIZE]
                    [--learning-rate LEARNING_RATE]
                    [--n-estimators N_ESTIMATORS] [--save-models]
                    [--assert-lodo-for ASSERT_LODO_FOR] [--pool POOL]
run_pilot.py: error: unknown arm(s) ['B_ft30']; choose from ['A_raw', 'B_in_domain', 'E_glm', 'F_catboost']
########## ARM B_ft30 EXITED rc=2 (137 = OOM SIGKILL) ##########
########## ARM SUMMARY ok=none failed= A_raw(rc=2) B_ft3(rc=2) B_ft10(rc=2) B_ft30(rc=2) ##########
########## ARM RECORDS ##########
ARMS_PRESENT A_raw ok=4 failed=0
ARMS_PRESENT B_ft3 ok=0 failed=0
ARMS_PRESENT B_ft10 ok=0 failed=0
ARMS_PRESENT B_ft30 ok=0 failed=0
ARMS_MISSING=B_ft3 B_ft10 B_ft30
########## AGGREGATE ##########
REFUSING TO OVERWRITE: 12 existing record(s) would be replaced.
  coil2000/A_raw/meta.json
  coil2000/E_glm/meta.json
  coil2000/F_catboost/meta.json
  uslapseagent/A_raw/meta.json
  uslapseagent/E_glm/meta.json
  uslapseagent/F_catboost/meta.json
  eudirectlapse/A_raw/meta.json
  eudirectlapse/E_glm/meta.json
  eudirectlapse/F_catboost/meta.json
  spanish_motor_lapse/A_raw/meta.json
  ... and 2 more
  Re-run with --overwrite to replace them, or --outdir to write elsewhere.
########## ARTIFACTS ##########
outputs/finetune/pilot:
total 136
drwxr-xr-x 5 root root     66 Sep 13 22:21 coil2000
drwxr-xr-x 5 root root     66 Sep 13 22:21 eudirectlapse
-rw-r--r-- 1 root root  13836 Sep 13 22:21 pilot_metrics.parquet
-rw-r--r-- 1 root root 120369 Sep 13 22:21 pilot_predictions.parquet
drwxr-xr-x 5 root root     66 Sep 13 22:21 spanish_motor_lapse
drwxr-xr-x 5 root root     66 Sep 13 22:21 uslapseagent
outputs/finetune/pilot/coil2000:
total 0
drwxr-xr-x 2 root root 31 Sep 13 22:21 A_raw
drwxr-xr-x 2 root root 31 Sep 13 22:21 E_glm
drwxr-xr-x 2 root root 31 Sep 13 22:21 F_catboost
outputs/finetune/pilot/coil2000/A_raw:
total 4
-rw-r--r-- 1 root root 694 Sep 13 22:21 meta.json
outputs/finetune/pilot/coil2000/E_glm:
total 4
-rw-r--r-- 1 root root 697 Sep 13 22:21 meta.json
outputs/finetune/pilot/coil2000/F_catboost:
total 4
-rw-r--r-- 1 root root 704 Sep 13 22:21 meta.json
outputs/finetune/pilot/eudirectlapse:
total 0
drwxr-xr-x 2 root root 31 Sep 13 22:21 A_raw
drwxr-xr-x 2 root root 31 Sep 13 22:21 E_glm
drwxr-xr-x 2 root root 31 Sep 13 22:21 F_catboost
outputs/finetune/pilot/eudirectlapse/A_raw:
total 4
-rw-r--r-- 1 root root 701 Sep 13 22:21 meta.json
outputs/finetune/pilot/eudirectlapse/E_glm:
total 4
-rw-r--r-- 1 root root 706 Sep 13 22:21 meta.json
########## ARTIFACTS ##########
__ARTIFACTS_INFO__ bytes=112659 sha256=cc6e459213d06c74c21426f6c32b925b65671e7f70d78d8ba6564beaeef5ccca lines=342 files=14
__ARTIFACTS_BEGIN__
__ART__H4sIAAAAAAAAA+xcD3Ab5ZVf+U9iO85hAlJlGoJwHdU0jrz/tWv+KJJt2XJt4zixJauAIq1kW47+oT+2ZS5tjjI05aBNmV4mQznKcQztpRy9meNohxaaGxgaGDrT63B3cMfdQfiXMtBee0yPzqXtve/bXWmlXfkPNelw501G2n3v+97vvfd933vv2105E0+k86FkLJ+NSzlHJpy9uRDLExt7kHDwLIu/4aj6ZhiSYgmKozmKp0knTRNwTTJOwkZusB6GRyGXD2dtNiKbTq9o92r8j+gx7p6gzA3mk03mk/UjZpuZ2EEQdzYcMgNLSscTNAxQyB3KhhdDuVgsytJ0O9E2EJpNJLe3E5c5aKLTG5LC+Ug6nctv30V83LGL6PKE4qlQNJ0Mx1PbrzBdS8YK0Xg2JuUT4UwuRucJ7y7CUSSariCI3msIz2cJ
__ART__wub5BOH9PGHqZHOZcCqemwsl0/l0NuT9InFTJ0EMXNvUtJsgJoYIz58RhD14FeH9GnFpO4HGrvHLbeHZWCpPX27yXE447iKIXdf1Ep7biSuvo28gvJ8jzAQY1dkNH23mLeYtO3mia1chh1XBHUNl/RULrWZDwy++GADbrqmDT5upobGNPrhw8vGXfwu+O2aC/yPmJuy7/u82aVy3Hc4rzL8ECJVGNn7smlZsSlkn0Nlq3lmhc6uWb21S5WOlWrtlpeoaiclTvwOFbjIfUtXpsTUCD9thar4ND1wLEMpGb4MrzYAZQLeUG1sbsaQq1NfhANQ286Uj5jqM2rRznzK9QN4Os6Usz9qkcspnFqLLgIpBmm0YpM5kI6oR6msi1Jdk1WsQ9NTVEOpqItSVZNVpEPTU1RB+Mffasb97//Xr9Agqp3yGEPRUAwSL
__ART__+TIVYVvXVmBEwnlpLhatBoGh3aqwrOrJagp/qqZLPlUyXj1DCuupWgSTAcKPt9ZCUDnlM4Sgp66GcK6+FoLKKZ8hBD3VAGGXuWMEvhDCRUIDMKRCNIyaS5kCAF1qtlY4vgGxrfXAxLJaOhVZjTMzIKXbTKrCLAfRAh2b8vX73LYRljxQWyaSZt2maWok+mid+ZxJjfNHTQHg7fvGSz37kFm2R+9xwdchbqrZ1NZ6cPGf3aam1uOXfLsLvoi239xtsrUS3/vBWbgKnNzrMVm7bZe/14577vvdbSZrK/H1ybeA+WBilDZZm17576ubbQ3E9mZb9+4DryLB1j8+0buvOh5bUbhE8vbhM4LYfpsLeV1PrR2Ajzab72xQjTrdcNwGTWiS5veS4l6KPkiTvRTfyzEOVuQZgdpDkr0kaeM7CYEUe4HJcg6nQFMc
__ART__O99J2KCZQLE8R050EqZEp7OXczp4mufFFDAp2kGzHCuykIu2H7fyDoYlRSH1KHTjHDzJ8KwIHNPxLhEQHLwA3ehIJ9Hl7KUEh1OkOZYBsebjl3I86aScgLeT40EtwUmljoN40UHyPCvwIIRVtBYdAitwzql+k/l4G+VkBH5qiGju3MmxDpGkSBoYpsQ+oZdmHTQnCDwnm2eQ9mxVLhF7S3hyH6u2RZVr5Ba1h0AXdHIFSYrlckZBR2FZ1ROD5VSxApA4xkFRDopWTuE/Z7ACtios61aluXYF1CkroNd8nSr68gxaXLTD6SD3SAWKFlrwJXSFa8M1tk3T2NpSbmoE1GnuUoF29DdiybSDk08oB2MgvRG3sDZivpFIcKXq5Wac2AUH5yANfNyIGVb5yyCo63SjHKKDkk94B2WkG25hbcR8I93GzQdV3bru
__ART__haqNyIcjmZnU3gVmr5QI53LxmXgsC1ehaGwmXEjkHdLhDKp0QBUNUFtX51r6WdfUCqu5ox+rSSDjGp+Cw9RGyIHwWF05EP7n5176jxdfuefL51y3PdX3Xuhf33CRP1p+P3HoTZc5NHm5/2vnXMe80hUP/MNZ16HbLvZaw2ddzpt/+rPRG866+j/7QtNXrnjN1fWDN+69evdbrkP7v1J89fHXXPvjVz/466fedL1++teHLh94y+X5r73NA7961+X6kxecuVPvus4892+phtPvum6f2ffkN37+rksfGNUe1iYVCwVGPXWFwFhn/qUm2qP9y77u3/6V66/f+J339F887Hont++hb6dOoeB8+tKLG5tGjrZe9oRr/i77oPT0E67nHxy5+uaFJ0y2JsJSD8z7vzf+rOuHD9z0Pz9KP+9afOOGY75nn220NZx2
__ART__NDclTgUfc+1++OvBq0e+43LeOvbzPee+g6Tef3vfYwaWqUJwcMcaIcv01BUtqxy+v7y/8cQR0xnX2W/94vN//vhp18hv+g+kM8+47rp3qeWrT55xPVT/5tngK2dcX30+/afUkaddO848eIM99UPXaO/dXzp347Ouh8f/8dTf9511ncveMWK+52XXidkvzEn7X3WddJ+xPfKFsy720fPf8v7t267u7/70pbfsb7vuFE68fPKLb7tuvfn+5fPPv21gpMqxNqk6ISP11JpGtp/fxRHWLTkozJJhcwdhbt1dZ92SLaRC8ehuYmQnqmEQaWs0nA/nYnktrT6cTSrXHHSS0qmZ+Ky5BWY+MC+Cy3xsCTY84WQmEcvJ1B3J8FJoJp6K5QupWCiXj2UURmsqFMvl48kwbFeA1AKk7YlYOJuKp2ZhO5CPyZBNM/E8
__ART__7GmiMVUP1LcBbZ7k05Z8FjYYoWx6UZHbnAexyjU2LRpbiEsxrRnbZFIoFU6W6Ai/DXkBVAI9Y2BMVJHQjEiwn09mtEK2ACVfyJXd0bQQy+bi6VQOOQS3yBTzc+mUtlMjGCvNVVBShWSmWCFYDkJaUmtOih+O5/di/5QRt8EYQkRKx1P5HATJLSPXIHqDtSERz+XNdco4xhKxJGzvtIZuzaalULggyVeNkSyEOfl8SyaLGRZb+8728+12Yqe5tZ0jtrS1q3PEXGexWd5rtrzfYD9db2/6vba+7d0oXSBNCZjgdcQ1lpNb27cAKqq1tNjqZMTg99VZHqizf3OL/WjjyptYvfj76w3Fo3mNRb9psrxjst/XZH9ga81Nql7q+6YKqQ2y1C5lfVSvCwz0fZPlaZP9yWb7l5rXt3vVoV+1pZ0namEbrD4N/K3b
__ART__7D9pWd/Wdn3wFWtcA/xMq/1E6/p2vKsAt1QCV0YSDfIdf2T/l+3r2wmvgtxaiVyKVxj0hMlyn8n+wkX2+y6qtTPWT6dX0HTSO1WOehpb3mmzf79tfZtkI1t0E1cbUzVwf7PDfnTH+nbMa4MrR2wN2nuX2J++ZH2755XRSmFMDv4Y6m6T5R6YjWb7MbNu/6wfl4xh7NAmEyz0EZPlMZP9Zxb7A5ZaG+gaY26vns76jIQRnqy3nKq3v9Juf/Fj69vprs1D5XyH0X7VYrl9i/2RK+y3fnzjNnx6DxxtMnSvkmY1q+nJK+3Hrqy15VvVs+pyLWVrJUtrhu6XHfaHOmrt/FZfrjoEOeljgOdMlp+Y7I912l/+xCobPz3Oj+tWw8GlhJwiTZaHwJDd9kd2G20BDRLjakYoVQmWfocJVo799k/aX7AbbQs/gPSK
__ART__Akdjwaku+5ufNNoorhlD0BZJuDBSCyIM8091ln+vs5+/yn7nVRu/TdQrebqh3W4j2r1tUJtXLXW1JlNX+HP19rsd9rf3rG/LtvIKV7Hkik9FerTe/gxlf7RnfVuotSEp9aTGqOOc/Ry9vo1MbSjLHS6Lzd5kOcVDIwALp6LhnPWbbbd0xFPR2FJISicKyVSuo9f2mRu7bR3yZQjzYlVUfHlLBwrjcNYhF7sdwIbBTURDeroMFsoXM5iRjszHpDxi4GVYoufyWURMxvJhVMQCKVVIJI5028pYSnGrB9MwNg4Nal09kkLcOBS5GtIDlelrxCrTV4JDpZEeTKVWQUEo4Fk9Uom8ElC5NNLDVfI2ElQtkAwwtawNhJSrGoMpWaJv4PwvV1C1AEvMjUOtLq2M13p1iyr8mUQ6bOhkDWPFkVVLLYOR1bI2zmy5
__ART__njJYKyX6xmGp6V2PpuVsaCDQZHuD4FPJrAJGxcFnCqm4BLu3Gz8ovpLFDSZTmbHBcwgncz1gibzBcHJG1+OV6RsAiPJyOJ/PxiOFPM7UtxxBmTobQ7cS0CWMViQbzhYxcjGchRCI5CjzClFpqEYdVMeRskIaJgM8ruMIYW11T0xc7++Vb4daX9zdg46l2evdbvd+t3x82u1m3Z5Zt9ftnnX3zWKax1PBX0TfAyX+oNsnX6tSMN+Hvj34Gwth+5AgdNY3CzSP05dMFIKDU2yAHluIDE3lI6nR+PVxTyRwYHHWl1RoCTETSU4kYoNTy7759KyfInO+vuH5CL1ERfycTGNy8UjSmw8e8PHAK0b93EzYvz8+0ueOB5OJRGRwYqYWXxr0gg7e5QAzwUmDk4Dvjkfo4ZuD/jHSF0d6cFQk4OG0fImZKMo8KhEd
__ART__9B6eDkzMIT0iqalcZAj0G6rQB/MlekqRF8wE/UuHAzQ3F/HL8gCfnA6MJaJ9PmTb4rSfgz5jM9GhxKIiY2E6mUlMM7LOgJOXhhJa/nJ0yCfz/FPktH9iLjo4gHxZiPqXcjPgz1hxuDDtpxJIT1/SW4wcwFjJsH8qF/SKRrwLoAeMMfJHsZYuFfwPok8lfy06pcYSwdpzZznonzqMxzHlmYN5OSdRIhkLeBR9E4Vo/3TNeRP2c+TY/Hp0mShO+xOFADO8EGVGa+lESklvBtZJMcJEly+gbglYBzNSUmSkWuOnb2M0hplIaj89Js99wKIWY1O19F7begsGgplperKWvyr4F2L9y3hTqg415vpEIppMzAenFFrNcRTj4eTUfLSWv1JjpBTHvHwQ9MKxBekxCHYMLokjfSjulmOPlJqC+TWRgTGfgRgFcZU7
__ART__XHs8hymYZ2QYrgPMWGKaFgvBodGafgwmlxamAyuNbTAXob3rnXdI12Xwe17qqznvqtt8+LEM/A7zgKrtuwr+BdAnmJBSYxkYz+VaeSeanCpKdGIB5d0PuhYq+WtaD/Phwan5MONZQDGnpr+SY2mQm5UGIf+nJlaIa0sZWI8RyOmwxsTDwSlyA3MB9KHEuai/ZuwtRuixmenA1Hxt/armuF6vZGQQMNYX4+IS6KKscwPfDReBVrzAOi1KiRV9VcH/0OLFFK4P56JDE+CDYSqq1I0xRq4bpeQUtBeLmFYczkGb4nRgmJPH28PBOeRRCcsvrY840t9XHDvALo7MD8TRPNH4lQ4GhpfDfrGAZcyPFkb7WMqXIuXCGZW+Q0pbKIsHUH3snYXa2i154FxEBfPwYj+0TKOyeRT+ucdnoVTuH0VlcwqVz4PuPlxU
__ART__z6L6Ga7HcRE9iT6D6KN/v1utv3vGsz09qPzeP4qJg+WiXKtPMUB7qWloN7KwLLefdaf3wFYAl+hLuOm0W63X5cOLianhTDCAyn1PuGcct+9zew86e3oEpEL/QAlE2Q/gQ0LE0lpx+yKC3N7nnh1fUPRdnFQ2Daq+nrL+OXRZGTcWPSzSN1fqP2lsLyYmyKBfHo80ai/Oq/qODWP/uUv6ojFxj2H/HkafMcxZLPkDDYR7qBxbcc/r+5G8acUfHs8Eps5W+W8Ue4Iey4TpBDniX0rAXCvISvaDP0RfVf9q/2PTYB3C2gmifixqL40vr2w/Oh2U4zYWitpz84r/B7zG44WGwkNGGIjVeFBQ+x73WvSDOEKGB0XQr28RtedV/Sb2rzAfldwI7WjUfqlfVPSblPVT95vqcRjrh+oQiP1zkQAmDvTM9PSMjzMV
__ART__83+4Cg8LGTKsYzA/tuBU1oOHRPIQkFc2UqqydwR9wP6VDvvHEkpedYcRPl+tf7V/kes8ah0KSqL2PT4Vzz1niIdNQfEs6pVrfTxS44q+8vKEMVLt92Gjh6rsx/v1oYp9BYzvwT2yvvJ0cff3K9cDfcb6o1YevBeSPVHVf7DUX15ffeXxww3G0XUf7iBLxr0mS1CDyr4PmgWRfdzynsr5Wj0fUCdPMhyAfOOHGgCL69vfA0u9qPqnxnzAoXNQXosQV1LgE8gPk0gPHxon2XQZoqenYnwM1zfMKzQnof70ovUjxwcfzOkK/873VPi3rxy/8eHB8TU/HZibCaJ7JLA2IkmozxnYT6F5OjpfKW/oYJW86vFCPA+q7clgYI6EOQ9rxpMLBkZRPBtFpoBLfaXmeCT6SNVeZf5PVtmLoyb4Le/+dD9qOl3Vvjo+
__ART__4KlYutfh7veh9gNY7izy85By32h/uVOt9Y/Xj3ofR+2i4V97LWG1KT/D2ytlMnvxDTObckPMJt8qaz/fvpMgNuo/cbhL/h0YsXn8vzvUl/B68EtzPejurmM+l05tJMbKv/8kKZrnq37/yfA8t/n7zwtx3NJiKz0qxw99Dd7/7OhGjdRH3JpWMgM9kQYi7iFTlEfHvTYkXb7WvlcJDJ7tlln61x6ByyhM7UuJQKYVcsUrg0CnYntJTuGpL/Xh5yryq3sdwDmC9cJPmXttLBakfQgMssEcmVp6TAuCVaLyLBWZnil0aEjlB1YqXfcostcmMA5WIEWOZyhOFFmal4FKTw3RI5CKF7EooZdkHE7ayauvasmylSd/6JGe/B6VTC49ois5XH5TSn58gl+M6lDcg19wwoClV5hUFn7io7AcTKkDfoEGkfFLQypZ
__ART__+xYQYuK3fcqOVh+h9dpIh5N3iiQlijRHUyQv4oFSHnkhNsmRTsbJiywPy54SRBLPDPUZFWpBCQL+D8EBvMjTTMuRP/Sq+b9zlOI//m3wHyj+Oyld/OeYzfh/IY5a8R9Ph3XFf9xjM/4bxH8IcjRPOp1O1smwrOgknSSzWgrQv4v7EU4BvMCQtAhLXGQhAVKCLgVwItjJ09BMAO84eV0KYFDmIFkkSGQ4gd9MARt0lOJ/+Qc0G54EVov/DJxX/f0XJ8luxv8LcdSK/7rfhq0tCZS7bWYCg0wAcZh3QgSDaphmGKjv2TXkgdKfJPjo5wGwG+I7RdEszQkUr8sDEAE4JyXANokiBY7WpQEnB4mAZkQnx3OUQHKbaeD3PSr+OtGHdBNo9fqfq4r/HLoltBn/L8BRFf8rpsPKN4Eqmm7eCVpT/OcFhyBA8OIZ
__ART__WiBZwbnqjSCxl+UhbHKcQH/koz8nOEWSd1K8yAgQwamq6E/Brl8AQxmBYVhBYHTBH9ImZAWeEiFJwCBt3gbaiKMy/n84N4FWr/9pXfxnN//+4wU5Voz/K94Eqh3/N+8ErXAniBI4FuIbJdC8U6Bp+n/ZOxO4Jo6+j+9iVjYaJCrBeDYggaCAuY8+aIOCWkst9hGlrW2jcqmo1OLRaktUUNpaixavam1QRFQ8ar2q2EYFRbxQAVFRg4RDQEQFxIv3/S2tbQUE3h5+Xp8n85lvlszOxWbm/5/57+xOizqAsQT9+qYxyYuvA1RymQIDeLkGakAi1jTSAUqpSqXWiMVqqUSKuVIjJaAUi1VipVgmVyC1TGYxBP1F97T8/2eMQC3Lf1UD+a+USSz2n+fimpX/LRuBnq0ELJagFjSBQq3QiOUKjVoqU4rVrTIE
__ART__PXnJ5H+AGpCplColBn4SjVQua6QFFGK1WiFTSqH05JomtIBaJpZDSSiVapVMqpJalMCfdk+/jPqfsQK1KP8lDcf/SrnKYv95Lq6B/G+iOTRvBWoigcUW1CoNoJBDjkllCrFSplBI1YpW3QuQSyC7JQr5f8CyICmkv1qqlilUGM1LVA11gEalUYgxQ9JA42nUje4IK5hAaBCVRC5Xa6QWFfAnXVPy/++2ArUs/xvu/wH5L7XI/+fhWiH/m7UCtST/Lbag5mxBYilj6cRoWI3mL9O0zhT0y8vjX3gFoJQoFUqpQiOF9NaoFfIGCkAqlTLyQKyUSDXQEcpG9wPkciXmT3KNtP6+gVht0QB/xjUl//9uK1CL8l/aUP6rFDLL+s/n4loh/1u2ArWkBCy2oBY0gQpCEK1eI1OqxEqFvDWrQ59sHPLiG4NUEolc
__ART__KlVBkmsUGlWj1aG4MHJMkDRqjRqXCNqy0VRALpFAAWiUag1iWu4I/J/cH1/J/k89A9by+p+G8l+BMIv8fx6ugfx/an+AZg0/f4xpsfi0bvWnzEMtl6qYtSvMTk5SdUtiXqJ+WabyUMoVGOq+8GIeyk0sx8xeirG6TC5taPARq5VqpRxDQZUao3q5pJGYVzPr/hVStUou0UDMW5b//C3uKfn/Dz0D1rL8b/j8L+S/Zfz/XFxz8r9Zw88z5b/F4tOMxUesUWnEcqlYIZNKpYz9o3Umn/qN/158mz+z+l+BYbpMhsG8ouFtX7EG15lZ66qCdlDhWyMNIFFJMUuQqiQKmRjzBYsG+OvuKfn/Dz0D9ifW/0gUlvu/z8U1J/9bNvw8UwlYLD4trf6RS2QaDQa7Ggx1FDJFayw+v275+uKvAtVIGWONUiKDEpDJ
__ART__NY0VARSEUi5WYSoAuSBTN1IEUiYHhZS5MyC3PAb2V1z4hLCpEe+HTwsKnDA+gmkxHr++fOpvLKNZ+S9jHulr+P4Hucoy/n8+jnnvF4/FiyHhfXl0/X6q3vuY7YOePN9rQzRYJdyZaHjbiOriySGeHkvwCF4fnocbz3iA/H0T4WdvAEkQPD9m23REJ60qPYhKD7LSA3+0Qd20vIG+yIGpmaB+1+N6CxPJHlo/02D2bP5d26DYt3luDYptcnNIgnDX/lZipi2RaUtm2k5h1+8N/Akva4AvL9P2lw3FBxCEDUmQNjRhBdoAFqBAW2ANaMAG7UB7wAE2oAOwBVzQEXQCnYEd4AF70AXwQVfQDXQHPUBP0Au8BATAATiC3sAJCIEzcAEi4Ar6gL7ADbgDD9APiIEESIEMyIECKIEKqIEGvAz+BTxBfzAAvAK0
__ART__wAsMBIOAN/ABg8EQMBS8CoaB14AveB0MB28APzACvAn+DUYCfzAKjAYB4C3wNngHjAHvgvfA+0AHxoJxYDwIBEEgGISAUDABTASTQBiYDKaAqSAcfACmgQ9BBJgOZoCZYBb4CHwMZoM54BPwKYgEejAXzAPzQRSIBgvAQhADPgOfgy/AIvAlWAy+ArFgCVgKvgZxYBlYDlaAlWAV+AasBmvAt2At+A4YQDxYB9aDBLABJIKNIAlsApvBFpAMtoJtYDvYAb4HO8EPYBfYDfaAvWAf+BHsBwdACjgIfgI/AyM4BA6DIyAVpIGj4BhIB8dBBjgBToJT4DQ4AzLBWXAOnAdZIBvkgAsgF1wEl8BlkAeugKvgGjCBfHAdFAAzKARFoBiUgBugFJSBcnATVIBboBLcBnfAXVAFqkENuAdqwX3wADwEj8BjUAf+
__ART__x4a+fZ8gu5GW7m/p/pbu/1/Y/XvdtkX/v29r6f82lv5v6f//ff3/Rhf0/9tdLP3fxtL/Lf3//03/9yz6dUf54l+PmPzfKSV5Joc/zv/5dPFvW9A/MXow+xc3Dq03Cvw4vcqKemIXaBdJsARGgmWnM5K0k8FoxZGbjG243oJDLLuRukMUP9BwqG2PCNMha0GU4DDtFKc7zBYlGA63c9tlOtxenCo4wpFn6Y7YqM2GIx08q0xHbLUsh1Sut93Y1I5DneJTO/nK81M7+3k7pNmNHDk2jRcQGJ9mPyYiP62LLsrhKD8wbuzRrqEJ8Ue7he3KP9o9PNXhWI+IrLHHes4yxx/rNacq/9hLepZjuiDKbly6Q4zTunTHRfLr6b1jvR2PO8WNHHdcuDJw3XHnNRHXj7sYohwzRAlx4zJckxLWZfRJ3nU9o++OVMcT
__ART__bruyxp1w32ded8Ijper6iX5GVu+T4lS78Scl6U7rT0pPygtOyjK9e5+SZ40cf0qRG7j+lDIvouCUyhTV+7TaHDf+tKYkYf3pl8t3FZz+V2Vq7zOeVVnjz/SvNa8/M+BRVcGZVwjKKVPL4gVmetHChMyBHIU5cxDXx+mst51/4FkfflDC2cE9ppvPDhFEO50b6rQs8Nyrog0J54a57Tafe02c5nTeV54deP51dWHC+eGe1ebzb2gpYZafNy8oa8RQ4YasN30VhVn/9vMRZo8c6R+U7R8QtCF71JjphdmjddHCnIDAZUE5b4Vu2JDzdtjuwpx3wtOEF8ZEZAddeHdW4YYL782pLrzwvp5yztVF8YJzx8YIE3PHLVIU5Y6P9XG+GBjnH3wxaGVQ4sXgNdOLLoYYop0vhSYsC740IWlD4qWJybuLLk3akeZ8
__ART__OWxXdvDlyfsKEy9PSakuujzVSLnkhafyQvI+SBduzJt2UlGc92Gmj8uViCz/kCvTc4M2XpmRN734ykxTtMvVWeZlIVc/Ktmw8erH5buLr86uTHO5NqcqO+TaJ5G1hRuvffqouvhaJNFWZNKz7ENNc2nnJNM8jrLENJ87WJQfZTcqND+aH5yUv6DHjJL8hYIFousxTstDr38mSky6/rnbnpLrX4iPigoWyXNCC75UFyUVLPasKSn4StvW1RzrbT/BvGSo8ybzUl/lDfPXfoNdC+NGjppQuCwgeFPh8jEzbhSu0C1wLVoZuHxC0arQxE1F34TtuVG0Ovyoa/GaiJwJxd/OKtpUvHZOzY3i7/Rt+5QYouwnlsTHOG8uWbdIWVqyPnZwnxsJcaMm3tiwMnjzjcQ1M0pvbDQs6FOalLB8YummpMTNpZuT95SW
__ART__btlxtE9Z8q6ciWVb9xVtLtuWUlNatt3Ytm/5jlT7SeXfpztvKd95UllW/kPm4L43d2WNmnRzd27wlpt78maU3dxrWtC3Yp95+aSKH0sSt1TsL99TVnGg8mjfWylVOZNuHawt2nLrp0c1Zbd+JqzdKo2sLmGVh2iX5MrDHFV55RHuELfbqXajw26n8UOSbx/tMbP89jHBQrc76U4rwu4cF21MvpPhtrf8zgnxMbe7J+UXwu6eUhcn3z3tea/87hmttXtVpneXyVVnh7psrTrnq7pZdd5viHt11sjRk6uzA0K2VueMmXmz+oJuoXtNbuCKyTUXQzdurbkUtvdmzeXwY+738iIuTL53ZVbx1ntX59y7ee+a3tqj1hTVZUptfozLttrri1QVtQWxQzzum+NGT7lfuDJk2/2iNTMr7hcbFno8KElYMeXBjaSN
__ART__2x6UJu+teFC245jHw/JdF6Y8vLmveNvDipR7FQ9vGa37PapM7TL10e10l+2P7pxU3Xp0N3NIv8dVWaOnPq7ODdn+uCZv5q3H90wL+9XVmldMrbv/u4iL/IOMqzOznuXnmVms2sIlBfKnG2czKT42s5yPsYnIunT2s/yCdPYq86oCxHl2NtvMrFUFrEh+XXKHZ/m3kzsMZ2KpI5/uJM0kcYb/pXBWpKAutvOzvDS28wwm69ZUUVQXwW/SV0Twu0Xw1zKxtJEN++yzEp2O4M94UkNxXUDPJv31gJ5HW1c9xPB0bNL/5OlYwcTwjWxCdDwr0TRPx6O/1I6O1LLqBC5N+sX4NLM+a9VPTEcOdapjuTXpg/FpZg1gogVENi3MnpXUHp/pbPvfGlqJuEk/GJ9mVnDrriUdGRBYd1LRpLfHp5m1uD6jkCYbfU06
__ART__m8fiCXhOvjgw9xq4nk8GIyTx25imvCuvqt3TQ5onZ58e0jQOrR/S1HAqY5+MaEhrlpVoLUlQhwR8og3pCNwINkl3pAX4UwsGACXoA14mKDJGTFiTVjSXaONlR7Rx8EAwQyfQC4hwtqPAl2jT8c36RJRXlBPRhvJASi3OO4gRigASMeb2IthCrpaMY4qviyR+8acjicrN1v7cODuC/b1+Hr8X0Z7UGq28UMBcO4JiD0XJpB1hQ84TWOkd7AlrVy1LijhWArodzpOohTVJCroh1vD6OrV/izVwnQSp2qjxnU+0d7By5rK5hDXF5nYiqLl6e4LysbNDKi6Lqb0fLUVRXKIjqfezYrXVd+pFULY6LsF2IHvxufVZdBZSXmytm0HQthtRt/Z3/9Na1N1dSMk4vHnrWCJSa8NW9H3HLnSuTf5NO4L3uOtYU/Ka
__ART__MbEsWy4x9nvttAg371f1w+YtMEz5eGeN1dBQLjf3hOfn0Vq94YtuvQPCt0R0NdKsi35BW6yu2M3tRIznTeR6dYvhOpFR0rycI2scq2JXOy5K3cQjBf1y2F/6s4QORlI5n3SkxibpFsQP9ItDbYX2hLvCKSs5bISBUkbtbZP5Xce2pzOOU69W8omxdVEEfE4UQUfyJq6lycoFdHy2kPveLFPU644Uq8/rRvmi+dqCSGMMf8yU6a8t6NdF7BwU3677SJY9OXygNJG10GnukY4dO2Rwv/HUHzi1g9vtqtd+jt1yUXf/vX2m9R1IioK5gp7BFL20E9Fzk9uknjM+N81dbTW8aKe0E+GuSf66+xaRs8Oh+OVe+qFefCtBfwE1pgcRGZ89OIrYPJ8g3IejgvMZv38+VBJzL25HdnteSkU7X17OfrK+i+SWUmo0
__ART__ZsPKnVtfwVH/qCKYpDmmW66HcSCCuybioLfmbMBBS7/6PRO48Msl9VF8P2TOBerW42Do0G4uDsb+bywjaUyDy6kAjnHJR6tILkd/pO9KJsalnxcwMTYFH2GSeT1YQ9GsXoMoHUdntycB8Yi62jQE1ZRSfI5x9cPdCDJ6pKxlinpX/h2TdN3uL5nM18ZRMbR+/4dsPctfQ8Vy9GcObicFtDbaAykNKuckptCUa18wSZYMWsdUOZv8Fin1NjGUiCNY1fcYyaWN/PYUl2Movzwf0bUHX/8YEYw5XdgC2vqV/QgyvKsyIEjXr4qiOYKMqXkUl/7m3DTkJihO+ITJ9APJNiaNy1h2LR2dOgN5EoHjXMPpLeHzmCz5aRuZuvNKljLZrD5JiTnEZtkBRNNP+InaRxsDvnUV0233Lyf5tOCVrkJcoltn4pjTh5Vs
__ART__ET1i/ASmllPuCWM4xPncr5ns74uEmbQgdy2l5hiXPv4KCY1fVQuTaO2ZR0I9h+i+eB+C9MR8nNdyExYySbbXot5Gr1VULseUsvgbis/SSm1CCZ0Q1yhD9QO+j55NhdPab9WumbT/mc0kn6PVztnBXGffeVQ6bbB1pwJok6MVpaWN+ftRPpHWC0WariYJ02nCagQuot7m509JLcfI6f8jk27XRbYfvVO3l7kIvZfFI0jgW+0TS+sO2FOzaEPZQnYs/VlGNCngGEekrMBp08aLVC1H//NrMaixttttYSwm2R7USlo7e52PEe3OHEsJWIt92TTrrJD537dmj8M/asoeSJXQ+rIwhIcTwlCO7kSoHg1Bf3u2UE0bIu6iNEGOglrJIVw8N+GE7o0ZQoI2nV/jg2oknPER0zpvlauJjnf/nBKxHmyiamndcQlV
__ART__wjEaOJEowHBYEiSmifmDfHS07koKhR/77GzmQqpUgaSIJl4qxO/UV3EctTZdkVCxtHZtBpWEyfUwnxLaOCmKaZtj0iIQ1Xi/v5DP0dsePohf49aW1cw1iaFdRayQ6T5I/CBDCCWj6Ym8ibZnJ5EiDmGuSUZn6O0rNNHGgxSai949lsqk9ee3sdV098E6ZKq/OCw6gNZman1yaQF/VJCJFvgsZxrWnmVIRdD+QgFtqghn72Atne4TgFbXyWcfbRo0LPp/SbrOgBrbMHzipBNFQiIjI8pMVkmuY7Q+qwiV1KFSkpakqdPS1t6l095779OeWkKZ2SMSQgjf8+ZPp/P2nud9nvu+7uu+7nzfFVeANmDmyqMpID4/spiqC0YDP4Mhv7eQAlzge14Wgzk6wtsmwJGbbkvCQKuSMiQBExeTEBdguvuYU7A7NqJI
__ART__gmW3nIBT/Kh/FgW7jzQpNbpiomI+g+a3RoKcea8qryiDtZGm2Mvg6gxLaDLEhxZKWdC3LVeVpp+mERCI+10l7YI2ep+XLcCKfHODPJ71ks0rLsDefMeRoGd4Rq0Ltb3Qx2QhrgGLV5okYA35OhzxQZEA5uWjK1Rs9/LwGtOH3aTUGExNtRSS5k2LLzDpV4wNuQz2vOfkdua9bSm2DFZlk0ckQ9zqNv8b+s5D5DLH1Ys/nS6/2EOFwX4jJvWGob0uhcdCQFzIy488ldnhys9hjJ5zp6roSreiCoM5oG5IIHDhk2Ebg9s4N8WLwf1tbqjCoA2JUABpEyGxF2+6msJicP8eURRn0MJ7eCUJcD4oWjDEo1IJGtkb2nnzGVyjjSkkHalvJMYY4h7vJaQFOFbt3jxkuQW9EgRvTSm8KgzOg53k0MNOdEMCJVvS
__ART__t+k553jZDM7eFHJCrvhziQkG7fJzRTZD/FwkwS2TuYLXQmBYtPE4D8neemVCq8O/HC6RvYsL+1IMkGVO7uKoZ/EaM9he1mR3nM+lpACGDZrJddqNj1QlzZHjlWXQBOge5PRyzbxjDBr9ILnCfup8gUaf+4ZAm8veQ6qeqfKWfC/OdfZoE+A6vDImWx+esFEVpxfQCSpofZsMJRni4o/4beleZi8jGeybzYo0OlvhrRqDpf2LCsNKf9Vy+jEjAobXpi9lGeLKGeQT7P1PyKG4AdLesvT3bAq7Bh68HAZrgQFJL3NN+xhj2NFAgmxtc6AEk8HSZ5Fw0yxPkfgwY/Pb8+lbSymKcq5UJDjIVjQcZLDeXrmgyZCLteMZprMut5PLJc4k/BybUgmSUvW/VCg6lhoSaPGdocI5240cQTddQo0h3rqaXKZFPSU5
__ART__Hg79JEFyprvJkMZgvghKIYFdW1zKQyjz1nqSkOFnWgTZ7EU/CEC4q+wJlXLzGgj6WSl/hCUZDI4IpPLpIZJUtZyeLjHIGD4XROKiGuXhRdhiCyFP5h3ZJh5jBq3eztCCwd6q2EyI5bkktcO9t0iamOLrpCLpj+ypUkrMIgtzvp8mxcw8FiLBYtA0bhOW5FS9IdxDs+HnHWZwzknxD9PbD5J4Do8/bZZmsMc4woGk/+hOJ6w6PPScECAr7YAhKVLB0GbCEn3BJCHcT/cIASjuMeMhPPMmUsKYwRnKfMlm0Pi+EzLgvBDhF6U/v0liTzsTLkGAssqDnIRZ+JDglPa7iwq4TJIEOfm2HYTHxFc9lCCZqS2lqNCqU4LLYKXKkAIZLrlPICUubcTPoQuHkvPQNI7zl9M1XzbbMpgj34WNZ5KaMG0PpEvOpA7i
__ART__rUK6PEd7qJnURWlLCgHv4iPk2VyneI9eBkutqt2W7pGbQgq6DmSP4s93SrAZzNrZpGWJNz0niWFP36pIsFeyWqqc/tGPlADHcA+JMDdKl+Ja0c4UY/JUQapAy4MNyU77NkgJ0TeJUmk8ZU+Rxu+NBCDDErdJs2PfXCVBNQt/73K6zR0CLXE6S5HDYKdvuxBJn7ODV43BjtzD30bnVxI25hegTWttWcFlDMtMJ4BkS/UR2uZazFNkMmj7xPiN6X+Wk/gyGVopZEthZR6EM0bKDAkArouQrsWMMaCQWz5AvufKu5LaZCs7UDDTyn9J8qS8xkONtN5ICQ6DtodBcs8d2kFBLpWPkCz74iNvFr30oHD6LAbNbGNKPoPpe5QcediqWsqCdlVEbaYAd3dLGw9p4erPKR6KKiOb4nwsIYHmyg3wM+mmflQF7qol
__ART__++Y08k5xuATJOquqkWB8eHsB1Q1HtnrQGFyvCQ8S7jobkmlWQASJrnjUl2aS3e5IXnJy40FCkbSZRST3tAolKoyLbCkcMGfxcgTY6UfsefIZ7D99BD7DAqEkHZzyHENNBqcziWBaPKySt1xAXDj+BK803VNJSpTukUW2ttQnhQBvSy5pYbQvfIQd2JxSCXL+TBlVJv0XD7VUQK4wjYgJ9juqWwTMEO4lO6d7ktCyCkoJ7LkO8R6yDFbRD5IujudykmLa9EBSYVzubLK34b5bVBi8flLE3TiNUph5MbyD5FN/KZpiKRJgNxP5yGA/yG4mh86TMWQLMPkWcXmGGcNNs0gah3nPUCftPCMyxk+/9o2SA0oChEo5/3lJqAnQflys5SGPfzVIkMRx06ZoMOggqUnWNT3CL+Jl2dQWLyWTzLIXlPBz6Y/7pd7Q
__ART__9zF4mQLDNw07SZ9k6/SR/bCb60mSHTvJfaydFYaE7JdeVhxjcM+qEN7i3s1N4TCYBRGKXIb40pfNJD5/1Em5MKOXkwIaVhomjM80lCCFOZwyX1GSELkfqRrO9wYPFoNtdYxoNO5mF15xhvimD8KaMwlMPhGAsF4pqzLo63w9yEGt7xJ22XWDpIx9pZyghHbDjihq7vYV9byD9F3hZLFh1Tuk7JjXhTMi6TN1JUgY2fdFBmfRZUQJa9E++FD6xE2ZJILbf5bCO4qIrKI1XSQY515SoeruwWxC6cNfEjwG6dxHOW/o2dNIxIaLt6SQmr4lY0jiYzBPeIKfwZQ0J02L6RtI5b7PgvQRrojpSyKGxWqEvWYSRZYn7EXa9fPZUpp05zVEkTGvU1pZPOE/CRL7sDqK2UK5/GP0klmEYzhtRh4EYL9TCerFO9aQ
__ART__7LHyHRQJdtqKhCcEGazweqov/Pgp3CvAoK26QVDOPORN0M/eKqEYKMCaXdohoUl3ayGH4ag788vS9i5uE6BbthkyBWiJLAciU1h/pUntspSOkepnb91FOhsz5q8wW4DBvBtEDUvYUs0jzRBPvkjAyHkWReqBJiZCdWWNTkJPw9UdhpEC4gaa/eQmzpF4CqU3fqSQjiwwXWqQ3nCdEgsLhsjatA+xpNlwBZkkLNxvfyWIlOjXIu2EE5BMMMw8v4nSkssfEp4cXkcjeOaKjhP8sD3NXhIVsZAS+6xz84iq4bwfoOYC4X6qZT4cUBSis0TfEkx/WEHEJXOVqQcpwYhjZAfsF1x+Fl2/iAgDrlGWIXnSVyvhYWHCI5qk/4jfk1Nl0xt8yZOGNVS8RekLnITZpInrXPUg7a70uyLBgNEqslfmAlHCfFxJISo+
__ART__n+ZRu5+dbhjJGL6uyu9Fj1cmFck8MUnx06G5VBkGHCEkID6rlFQzjceTgIt1oppAl3akieq7NNESYQtqFvnPkEidumtEItNO/CRdi5ZfQGhjePElqtz0LKk+G+xLhBjNPErVmB6+3oPESAoUOQQ8vBBIzztBBSFFnASBWZpPAsV0qyOrsGuzU1QYrC+fUsgzPKNJSDnP9CggDw2S/XAV3hNos5c28gvR5/sIC5HGdoCfBJ/t8InQNPOECaU8LgZRAkvHX4IpwJkzYbKXsPv9AVUhes5dkhqu0CNSqrQ8aSIT2MOiKWRT5ncV1QSY8aEWhEXYFV+8vehGL0jRiDfXE34ySibbpG0wER4kBDjGQ07FSptMIbKzbwbV23btIcTKFV3ZTJqjjmsKSXfZO0IC7DOKBO3DBVD0YtByJMj+h3c2EsaiyR/xYNBp
__ART__IyLGcxns7uNS4vRZvJTg+8tHGjN7KMNQiM7+ImI8m8H6SHXH4bc2zUQrVLaS/A3LXOSfoA+sI5mnvftLiI3131Uy4TDrZhIhyXQ64kEy8GEziSbr4g6SVqGNErYCw92LDVeIC9D0Q+uoeTpp7kuiVxcMk4TT8hpJa2H+0SA8Il51n9qauQbV73bYKtIYtCUXCbq5yzYRrcbe8I3AUlz3vhSNrj6H5IZWMTuF4HRDFaFYzhtHIt5o2t1U/s81ks7FXZpMFcn4IikWvfY2EWSvoklnTmF4eNFZ50WE5hINocIvTk+fJsyZzWDLhlGjRHIVCSt7wUzCGOu+UyRu5araxjgaZ8lDCueoNjklbaiQ1CV7NZcwo3jAPkquazSTvA83zCDkwTGrpUaXK+pE/HM9c0hGONFc0uC5e+4SPNMah0hwmbtvEE7hZi4g
__ART__PZb9/jMZY6yOkASys9vI8qzmC4YEDrdiqe+DTZvJqTGkOCgg3vCriTRUmr+IcBuZlu7bkVwxm655EO2wfxNZSDz5A4EUzYESOMb6pEZYCqcpgEtkGxLCN42X4tK3maeQO87dJXBgK7gQOA8Ht3tP0I+dF2bMZzADzpI2wDQRpRi4cBYFz6gdVMU2jhN1QfPeSZGRQy81X9y48ZKIwcfihoRjFJeS0mNrHybkELSKKHZa6TpeFQHuvVRXHsJqDmuop8w4SYqY+WMnVbjWfyhNckVDVZMepJ9CFshWJZeHp1lQ+Fm0k1+S/ugOyQNz6ydKTIrqE/4YboxvJqx8VuIl4bGO7aTwBTiSx87ykLKI2iTCWUjfF0umYq7PGfL4Ye1GxTYG689pD1sB8V83LlM8SkQCkzSS1WFS6fQ3AwQj7NtjhPnZv+cSMHEu
__ART__SJEosRabUqBfGErVy89z1LSwyoZs0S+D0oW3lpNpj3nVlZrSuStI0bPMeninSief8KDoAYJkzvkSQpWsjxqkabLWl1EKvmAR2QlzmiahAdYOfVJ2bO1Eqomtf0/u4UoZU3GwX0eix93XRCY81mu9FAIQ5S1kO+y9wcLpM0lV/TEUEmDrn2WvIFzq3UUB65YJgRSraJJCh6I3vyzdruAlEYU21lIT9HX5FH3mHVJl0a/YCFP/AUvDWkrO63DI9eHjn6Ta6NuLSLNhnYUHh8EdlHpJiu+2MpERw+mnpWTp8/34WQy/uW48RFFnt1C7NCsnHYw7exvvG/pweztpWbs2kRbLbvMhjYjtvI86wsAQxT13vhL9SxN0aCalHXuOksqG9cLGAgzuiwZycta4kyFB1Z8oCk9ec6lQzzemZPPVCv582i8R44UMlowg
__ART__aSo0K0eifjjL40nlMWNzCVzZKk9UJekLFpG7h9deIeMHa/lr/khasojaIsbwzTPCFnMY7O8rCYS4c5sJVph6M8i03y2jSNoZ71si88WlqwiVsL2Sqang8iLhQTHG8MJpZDAN/UX9Akr8GoXZJopWaPHCUz3r6jkSVYG7qhz61jryVJbRKUOGwLDJWpsVtozhCwtIe6dtGifgZH/pIm2Uc+KzVC9dStaQlH7WXF4VOtdTRJScuHOniCY/XeQx0edclbPCLKIAXumThisuuICXSefKL5YVpgemUjop5DWlfAYPkFGDG+vTTLTxnz2kLbDNzghLEmbe0uZBaOmwMCHB4dEflAAI9KZ+W/AnjpyOlR1B+IeWv4aSOZeVCO8y5RwU06nf4ZGePfxfKOFj8e9B1C8PX68j2aI98aGmM+uPHqT1R9ZSZ9ewIF2T
__ART__e29LszGD23ZvI21x2zz68jXUrxwmPpBV2fVDEvkC3G/2vSvIAPzlRAo557ZuotI5t+0lOHQOS5X0HIGFL0mdcd2pMXXhx5dtBPyF1AqTbmQvNIFZwvkEzAtkKTW0+IEwjZ/B6T7tQWSrJI0qi8ZCshvxzGAKqm5OF6TphlXNZJD+aK06Rnd5RIiI/ZpBzSe0HSm2DNo63Qu29PSz/IF0/4mXb0hfblMMpLN9pYjSUQi7wKJbeEtx6DO/E7Zi7ezzZtMfviC1PmzyVmRiLl0wjNDX8PTvihPjW/ezeMJz8DqXvlLvdRnGQ9pTqzepo/5qS3KRdjdCTx6anP9VHQm+HteWHk7HQzFB5abKLHxmbXp82o0NMVUbtYMXr+CFkP0qp9fu2P1igPUbTnBrvflyk9lVKK16/LfidxhkD8ns23azAK+tzmmcepOH
__ART__nJhjVSl/jfCteMbfXfH3cPuFzgbrtnBsMdesjNW+il/eFzT07fOhfpFfrdy/Af1StMLmP8/Azz3Z63ekFo7qkZMzOHE4ErpufdKxRjSKxy3sfumKX3xDCgnvUzHxsCZmNdcMD2mKmqq0MJiqv12u8KMJJvnf5rRLxkNcUl7bXKYCllH9HbNjDWA3XkiXflyGpNlfF5gaZ2CCteCunHY0anzC3Nf3DkHs2cSh2Nl1kGZqf3RTug6DVV9vtT92w2UO8+Wcma2o/CU43NrwBKeYCqo6Xsn4o5NS0C/ZDB0r89gkyzTsVJg1cqrKBVWpA/Pdllni+7OIzBda/bgnFv9q/rYMzLpXVMD9cRHHh35MHq68jJdLCuzu6VqhbHrGmTWO7njyp043YXkIwmqVPyqOWKKHZvvih1MLLCKyjoghGcUfp5/Qu66Cx/nD
__ART__DQP0QMiz5IqvT0ZD1upmRXZaHBymp+Vxdd2wQT7pq+AcLxT1CdROzolA1IqhbrO8FBRajRre3ZGMxrm2OnFjWTB6+/nuQjsXrE40uyXz/QzW3P/z99ipErwOP5ZhcaUSS1fLHTAXVcG7388CPqw6i9JevaE3qmcxTWXaLIWF8Wgw+nntnXoUVo2ulru8awWufdmYUiDDwYhu6vFGuhRKNw7+Fb92Huwk+8BDDSV4vr7wkvWZMKzfXG+hPasSl4LXl/S7hqJbKWpltZcrvKbb7xz7mY80XZMWfQFT6G0fUTqiFoXM8nH1Uvc4dHXvnK+nXwqJ9e1nJQ5dB33nn/HWdZUwj7a5cHNOEFwKNQT5D9WjKjFktF4zCyfCZxp8fB6B5JlH7Eb0k0ETU3W7MtsH8ln+Xne3pKF6o+uHybY0BPn7y0/TYkLiyUrn
__ART__vtee2FEdKjtnaTGOsHbea3wfiKOB0xyMN3XjmuIpf4HfochY9Fqo+JgGZNyd3/tdKoV852p1zRnGkE3wd3Y7l4AUi8ihZ53FWD7zSXBopRcw+N9WXu1QPHi64rL0jSxEXFCS2Kt9BY2b6S8iLmfjwr3p6WtKM1HbbnfA420BXJKv2fDDHukP3c8F5QVhw86xgaHGYOw1uznToTwQ4WknR7pn1ULzQkDHbs1EHNrN47LNwRBJl1Nu1LreQfge/fCCjFTc7VsfpjCTA6GR8x3CMx2x8tD9M85xNvim9WrtnYo+eAn7P41c3wE7BZmj6/XDscl+4E82L4krSzagzI+L9ZU14uL6sRCPPX5uiawl2PoT9/su+eJg9oqOWWo9ODLSafbmQwz+M2j+uL0uGrxPVQbiXoTBZMjii0T9PmR2r+Y7o+WNCEOfmThr
__ART__gPi3984HBdXg8CGei5krDWB0vure6v3nsclINPavUQcu6Ko4nvlbjc+OXRer2pzQlir2smosCB9UOz73XEnCPR+h7iXz6sF793mUxMkhXG18nLPrRSi8T/yM7tVaAmePacaeKrHYzWu11dk9DfQJux7z9zdxorZ8/OS5c8i+aDaJj/Zo6VLicb9chvc3l10+Xl6BoDOuC58818OXTt+ronuSoH2GvkBleyLy7PeneoAN+XDfRW0b88AJ0LA+sCEKlbw29teMWZBL1D/C1I2Hc7e9zOpZ1xE0x8op70slHhncO7BwZSg2WBpopRtdw/OuvV+OfghEestKtYaudDw/dvV584FgrK9KVGqcfwp8qrlp/T73oL/uZO7n0RKsvtGy5/O0ImzlGh/TbvdErdaTLcFuYbAaGxqd9zAd/Y+ZKjv5a8G1tjG3+uiK
__ART__RX7xW3x5/dG/rDloW1wlCp5Muxg7lIl+6y/5pXLJCD6etnV2TgAqv89zX5egBJkhVY1b/qEwed2QlPc3F6c3+e/95mSC8az/3j4SeYq/cnPuf5HKx76kn88X0iyRdX9w4bkee6iFHN/n9CUWc6r/mAeM5qDyLNt/fmwVPn9t+W05zQqOMxwV/lsRggsBAu+c67fBeJEn92F2IhZ1hfl88QmCk8GtGm5AHiprZi/67ysbOZHLK+wfdcP6u0acyY1mmJ9/ERpcZ4LURa8WzPwRi64tnu2rcysheVo97GrQTsDFfGaLYDa4nMd/r74Khvj3Z1obTvrC3avX1066FwZ6F0o7N8bj4Lkf5/W5cRA9HueofCkNhjdgmrbEGxdvrB2r39iESXrs4Y85x1DYUjh2fBcdnlqBZm6iZ7BE6WPMlm9ZkPzwInNadhDC
__ART__bK6nWW9LgGtc+Bnve4WYP8/z9e7yADy4Lrxh7cl+VCVsvKUfkIDgWJfWIqV4MAbk9S/dj4PRvPsvFgoHYNG3odx1O87ihW1/vOb0NCTevLnssUgg6tgSt/x+lqDuQuHCBWM5KLlrdMDMJwC8G9+40u+lYFJZ8Omy+x6oEbrxW15oG3yGtnZGuBRgnomsn0x7KbYu3tb69lcgqk+OP+rZWYW273E6RQfCEFShsf1ZSziGYqc/m1uchcczDX6fU72J5POVyr6bM7H5uLlotkg79IV3WpZfDsLQ8ku55ywT8dNW/vwqt2JU0owGlx8zwPIgc2eRHD+0cHefjl75ADrhgTnWr9Nwv3YR49jNKtgUzFnnIheLW2JrUm8d/ojqhPtusyXCoTvxx/nV7lDcDfE2O+MXh+nHq2mpQRwURzdcOZ3RhtDtC5bv0W3A
__ART__wy30OZ6Jr0DfKuG49XM+NNc1v1qd4wJlnp/yb69H4mcZ/0V5gWwseRZsdUk7H4VaB589PhSOqKiIZYNHLiLNbE7zguZ8sEf2cOvbCiAXyHd6m7El1uieKXI7VIG+C9+i6W9Oo2dmgsXsDG8MKNx3uPwuBqq9CksGnhXA9uceU5scDo4e3n1ONpeJDI6FZs+0EohV5WXXOTfg1Umubd6LCIx56drwr4iBzsWASxp9IRD2zQhdGEF0yuCqE/dCMtH0VeyFz+lI7Eq6d1jVoxhyFQlN2ou8sDghwlkswwmqqr9LFNYSXljT/HKajgVWqhg1LD1eipWvtzlKTapC2ELQ2O+9LWQfRH4r8SqCvTG3P2zMDuMxLM6K/7wQzzwR9XkkDNpf0gOdTP2gE3c1S177No7/vRvtdsQJ88SOmFvbBkJW6yGbnZyD6QcM
__ART__K+7X5WHvEt2oFvV67Cyxrr7RUgZWLs+WldZEH8mNPW0s9oFurmHbdD4/mJ5V93UPuw/d8gX6LZmO2F635UBbUiQc1RTC7SSroH91djNNNxr1g29P1gjkwWXj788+15phtERZuz42D3fiLUoODrRjz3b2+UFRH0TrTbpm/8nA8C5L+z3ZSQg31tshGhqNh518iZKSYQif8dn7V1cD2uUlHH8xrFF/Nr5A+uVN+AufnmYgkAyegp13nzxKwEJBh7sCmSdBSw+5yQyPR+Hw8xeOM2Jg0PE8wOJaCN5G6Hyr172Cb7sFNTKXn8Oyl3WitpF5GH8SnW09NxFGCe9fJn5gQ2XROrvBIH8o1s9QMbRVg+559rWHUVmgNc04LXzEA9GPKy3XKgRD4fXI2NeyBNzuXUzf33UJdaOHdeWiCQ+EB8xaNFmAp24xxnI8
__ART__KXi1QE/qYgoX/zEOeEbH5kJzQdNOs3wbPNo6OE032B37ZqR1nVkRhCqlE4M6HW6IfXm24GpPNNa6cO7zz8uC+v4b6pqzK3DsDm3po6F42Jdk3mIuvIkhmzdlhffCcNCaL+dNUj5qtd3qDCPiMek0Xe/iyyzwj1uaRMc1YM0mv65VK4Ix66pfSv/Ry7hutuTKuc2euBo/Uvgy7jp2iClefLq7CC8EZGkrwhxxOkvji97j/XC8JZYvpVMNrplq76ByPeaw7nDOVXFh1BykOrDCDs1Cm6O2Z5dD8a/rqfd9dlCQucU9o+CGJGlNhUvP7PDs6/IRm8X38LUg+5sjfyHO5T6LvHuzFwc37S7QzsnCHVa9+bI3rvg2a4fU3C2h0LRAQI1TPEpnH1083t6ApSNaHjx7gnHf1TjP0D8E4ham/maf8hGh8JEt/tAU
__ART__zM1KpRF36/E6QX6vvr4TIu+GrttVaI8dA7Wizutt8YL2UvP5ThZWj0v//VEZiEcSBxp/8uTg2PhLSdNVcVjdweybOFODGT3vPqWrJWF3nvz4xiUl+NT/btjQvhHrmG+Vh6bnwsi6K6CKPw2n7w4pld2+C9uS3owmHn8kXs9XFRRrRv86vgsbHh5C4h3JDsmQEIT4f7liZeUBPeHA+acqyuA+ZN0g6R+LkFUXBc5s7ofPvD+v3snewvn2LSFl4UVo4D2RB6O5eHmZZlV46xIWx4hGfp/ZgbE7K56M/pbFJqsl1u3DXFgJrNO+W+uOPXvnfTtZ7Ib9PgF+bCUufmZLL1zy2QQSTW7Dtq6ROL22VeDDvSvYcuf8qoUNV9D/e3BswtUF82cqHdYluii7qdn9TKcdkNcs+jbnPEYdy+rXEZ30znBBWaTecVw+
__ART__v5lvJZmD1gtvf/pinSmGTnrlNcQWoICTt91COhxNsSmPJ6wr8NS0YpfAdgfcmBf834VOLhbeWikUeaAUHeIM7dEYNTS/+yy9TrALPDMsh4PaS7A06ibshorw3xzncwe8igH3b06iUoVg3qqfoGtGou+n9GJOThWePpvn2Tz/OkqPZSzdNZoISSmVO5ufeeCLjNH0Vt0gHIrZcTZYNxhmm06+UPa0wA8jlU62azKihxJvfztqid8OJt4u6/MhI6Krdj6vF+d3npq3ZmEWEvcZHtlb1APu5O6Cjc7GMNHRiuzjD4d52x1bLYNIzBOlaWyR52J+c0DljF03ISZ+yUPtdQ6OaA3ttqU34vGOK4YaG11Bjzez9rW8DMVNZsOvfiZB6ZF55HXNOiRXTXp1b6rG2SH+/9S6PLC+dLGYlTapF6uO9+dW5SPxkwdr
__ART__4p4rDpcn2e0I6sPtVw89jztZoup08Pb1GoVQTpmr/CI1Do4N689qlvtjr4xu4jHtJuga/O55f+EKbr1b9bGrMwG/39g2tAywUcmQLhlLH4LEqToNiY2+uOY9culPoB8yH9zbflz9FUxPpdUefm2Nw4tm3tmgysYcxL+sOp6Ke38Gefoz0jC0SiH90LZ6JArsfptO9C/3+urolHI7zFz8dgWTEQOrGzmbtW+dw6MLGadzWZFQLC/qismNxcKtC1emDXNwf+8npRcClejxEX2tVhSJIZ7N3pO9Hdi2P+tvp5sjLrrLPQypicRwTNTzYbVMxFvudfb5kIDe4AXDfFsVsU7rVZ42nz7qDEMVvkbGYcWi/+KKk69ByTysuP2sH653qL+Ja6hC1B5fW7ORBIjnXj65ObMYSbd45YQCDXBoWOrygY0cjK7otFLf
__ART__GYMd2erGcpkeMO7wPGqkfgV/TD2DRJZGI6Wvtk7WJhAJT35rCT+KxrtXItrM9AIINSwdOF7mitMnHxiKBrHgWe+rf1Y9Bmfff5zbsmEZWBEFJi5zryK718anf7c70lNCjaL50rDZn+vm6NIGkR9z7jwvKMKNKwNldTPCcbubJnttURN+7hOW85FPx4XqMwm3LydjifbnVr9EDh6U7LYKexAMrnMq388FrgisFGnOkspF++CDK51ObOzQ13+vlJkIIfetK06n+GBBOP3dsHkyerxr/s561ouT55xXOfb0YmRzRURHqwfilqm6zVfXxpv7s5lHrFLQvXrV5rei5/E9N0ZfyDoeVazKRbuXsKHYKSk62BYPvgw32RvMYyj2k+9suOiHYwEXByR0W2G54WfJ2qN5mKzpmFHbVYw3bOE5D/dk4PK7C+lFwym4
__ART__97FJ5/yDIvBevmpylTcIV1pMO/0ORqH+tXBB20QF1vTHFQ+9CsTwy/jxOb2heNHuc2rH8QDQTUyaL36LQKpPpeOZW8VQ+9wT8HCPMb4dO/vhY5I/Zly4Ye2f74240+ELFr6zBdf3bJ7umkqMDFw+KSaaBIcNMzNzdhTB2sDsosFVHeTbm2bbrIrBlcl3Ar2TV7BNzy4ltSEazoUi3Y915YluWFIQ8zUVQbPnO8q5NyE9CkbJjo4wCzCynhvlhZiulMR76YV433Cd55WsO27eOBWgUJaMZRvkD+wPuoH/zJ4zayb0IS4jOFN6eSh0JBNTEq/cQ2oqfF8/tYa+noJMxOcIvBv5MudnlB2ceC+0ctaYYCjio7lQgSfOSKUc5MrnwNZao3am20UUyaULWH5vAI+1kuzSL0kYfD+34CpvNdb41Z4cryTz7L0v
__ART__P11+BGOl5f2f49xI1CcPmsn1HoZ6yubCeMd0aMaeNUkO9cLp3tezlR5G4vAK4bVf75B5pOXxspGxa+gIOvxGqa4eCy3mHv5Lv4rh2LCBUGYJiqJs5dTIq6rh2d1JZP4QMl1UNvDTHbsTW6aNbE5AltpwTeOsJERxAjdV+8Rjw6b7nfTtF3Dn/UEN5sAFxBt3NN2cEw3b/ZwL7slxGFsf6men7oN5Rzgq3zVyICB0TUf9ZDgczQZ66D0snO07cXtnwSVcjMl07GsrxFv551/fVHTtSX7wzUiyNAA92Yyxl9eccIR2OXiJSRM2nxyX0BxsQLLnWa9ZOv3Yrqqf9Sc8CfMu7ly3MikF1zglBmulSvAwgX9QaF4ott1Qkpc4qYaKp09+19wtxe1tDltq5DLBXa3SdsdQEjLSg/cfSVRg55br4VflY1EoGrG8
__ART__8LM9Lh9WbrNRt8Kl7acVQvpysLLZy0dmezhO9nVt2B8WhOWiwnt/bKyBllp8yprmXpRxOI71nSewNcV35/iuazDfZHZM0MMdyyaH+TfnsvE+82ZUd2kMBN9IlL4/WIpd4tduc0XK8dNc6X5lQxNUjvpuVlYrxdwNp4VnL3WHr7C6npphGVxiTDb9PZsI+hNh1gTTBfE5SqfsEwpw5m3kplYda1w6N7cofIM3wkZfjAYnXIdoZJjLJ1F7RFUPjAeqZmHt8hy9b7OPooTecWF0fxbSgjLUZ5g2QaiEE5Sr6In3umUfDkXnYUeV8RdP2wFYzHuYotyTjAhF5/xDQnaotG9tpHvV4AMjJ/rL/hw42rS9mH2+EIuOrz8xe9Ab6Ttbm73DCtCswXt/T1AkIvcfvLFk0WVcm3E1XGf6dbSvVL0zoJeKs6MK16+8
__ART__q8CfYZF1yxSvwlL57bQ/KQYwfHzXdEQnHYd3ubw0aAnGpmWsudN9PeDFOHv2VlQgnredtVvbPgt/Fz52n9iji5Fl33NXewRDZOTyEtetq8Bx1/bQ+1iPZJsHfznZ6bhyJHwswiYeA12ZccJbmtHrGhT2Lr8Qpdetf5ysScWO247bOTPSYf9jqcyN6EhMHw/ZK7tsA/RF5R15BVRhs9klesA8At2loZKuG24huZHWN3tgBR7tXBckcPwGInaVTIvUuYOYfVFWGyQ08L78qGfU5R0o+7twUXNtIeT3BDRt88/AEpVuy9i+WriG8Gc+nOGBRO+zTZcqg6C32+ClMm8uRHdprExwJnOnSOEchyPN2KWe9Op7Rx16txT6tvqZ4vj7b7ovSB1Z2ZrKu5zOwtOMoNcPKloRIPN1peTiQtjXlkh5csux1FqjSjEp
__ART__HR5cBaMzjhlQT/Zqkso2xNcb6mXNh32wLM6joaa8EKa8g9smKqrxxMvz+WWzj1i0on7BivoQ8Lwt4Pu6IAR97/ZdP95eBr0cvdDSp9eRkSQ0vtxBC1uUxzrmxd+ARPvJSG9nNnbGxAhMqkThcZ7pGbliL9CW8gXsOS6CG3cm9qbZRuG/aMVdKc2x8AqVX6b3uxwN6/sWzX19AzZ69Lqdg4HYks+cvy4jFGUbm7OX8SZiFdejWX+WF6TmRHiLx1jie0yyu4/0NdyiR86Xmx8Jzy/cw7v0L+G/JYvUSzxdMDKt+A+/SQE0P30oVyktxsfcWineU24YiNsuailwGq7N3aIpbCbsL/WYR6cHIUxa/xuNh4OPEvmMkTQTmDwOUz9S4AVHxyDfi9VO4D6YIVGkFoiFdn+aO26xcWYbV3g+TyNu0/jLxt3cYdR5
__ART__8suOpiBMRNrTrc/Px6FVST93XvfAubFC1e6/GjhqINqi+9AM3L6kv+vOhEHyXXxc2IQU+E5xWBnm9ejdu0rx7uaJPb9eft5Rs9EPAbtS1k9EXkO0k87bc8xi2ORckjleEY4v35aJDDVZ47j7xOYn7wcxRp8msDOoBa/Gm76orizAh4OxqjXfTkDZp7Jfz/Em7u7YYpcqXwPHLJ5tbRkFODssFWMoZAmVH2I+4y4xUM1vLr1c4oFtso9bnx+qwZ/sd4U0MpfzzCzP9Q5OR233ghVuubfQdt03/thXEWRGl9sxNEIh81T6yuxn4ZiRt+uaEtca2zZJZvtv8wKvyoryodPaWBuR1TEs7YLI08Nz+eh5CLEoY59+nIZ9E+/7Bo0KMKPwpGV0Tgi2ed1f9t9NLbyyqnoqHpSOfF/736sZTfi8X875XFoj4grv
__ART__yvXXJeBO5vByY9UY2NrtcPDuMMX18uAjk+olWPniWvednpv4yfId7Ji7Bsj0fX7HvJHon2K1KMd48Pvv/MQxqobibn++ibJwKHOnt8hcLcCligrhpZx89Pl2neXbEoKz160fWspZ4tCGOf2LpnGxWeVl9GbC43smbTOaJGOxYdd/d58beaNi89K83QsrsNtg77b3Dn54KOyxyP/KbVxOtrtm8j4K8cpzPoSZJaLlQQP3fX0hYnbtelMWHIDQkR27Wre6IzVWUOMYLRhifHkoSq+A0FneG4OeVURPyUrb6pH+MNncJ6vvgf+sCjXp4tmYJT734ZWRUKR8bXzDW9MHxVnCRwbVmmFwREg1KjgYWls9tp89V4nFX6Xnu0xkYWvJzse8DiXov75m+9v1YRApc5QJPnETiRd8GyyDc5A2+1DYn5OucFjfuH1c
__ART__MAhsniHdQ1qu+PXqz/kOngSskZrJzth4EkUV/i8+KsXjimNLjH55H6422a5fEZ0Lk8W0Qvsnd+G67suL8aAAjLOL/mzySEDDiXlOWrOqkegy55m1RxVSv6a8ft2RhJ+bzhtXSoXC+JeM04tYT/Ds2qD3O+AOXk8mFGzK6UPX1rwQSbMU0vfO62jpRaJtV9eGxnVxKB59dPTV1+tYsrPBPnmOG470NZoEna+GdBHf858v7qP1iPjl5bP0keUYG7zIyALbvw+171IIw6DVvIK3tBh82do3In8XWPOCuzvqdTSCtr2xZamqo/yNa/ZSaw8c5Jf8GKSXiHvbXkuqy2ehZ4zflpZ6E4NnnqrzzuzB5Sc2aWv0WfgVkUykehlmem7xSXZKwk3PNuE8Tgr85o22m93OBH9K6IGa6BCc7PDz+vz3Iw7VXzeV0UhC
__ART__AFexM94oAucEXOSvMnph6rn3ga16IYbjL054ep6F9FBP7YWey4h7EeLhMukP2/7Dzkrb2vHaX3fXw4wQrB7TuOdgk4E6PuWX2iGZuKX5nTW+LgQuPwqKmXHuKFoewtZclIrjd8b/Xoqswjrmao9jsXlYEeq7cEBDFBpn89d9HL6CV7IJYpKxFtgxnfZk/+JoTMjzsY54++Nr+gyO7Xo3NLvwjcjwFWGeSazzYk8raJYvjPzPLQWesWG3D1rmQi8s+Pe695GQCx59ntV5GVlxi/VfdVtjx5sPBq3PAnBCPHWuviwT9Temb3SICcNbpUzTkqJ6pLheEl9VdB77X4jsMlqyAY+uHm3zeeoEdkZBZum8CjQs/WRwv8cMMgbOt6r0YlGfs+Pgldpc7Jp3s3jJ4VMweL1pR7V7HCyzhT4uWRODGv1ljRvvFMMv
__ART__68Xy8UeFkCxtSeH3jYPQ4s7jWjuT8OSS/znp42fx4Y9S1ZyPi9Bpv71oHz0YWW+0jx/hxEHuvdr8X3uKwPb7cX/kTyIedV2IFr0SBsFpSYe7vWJwrrWytbEtBVU/9Y0sZW7Bb77WW+8NHpih4fJUaCQRCG02uUnmh8GihXcHZySgNREzv04rwUig3hwHgQJsdH5jo/XIEApZd5Yp7WrCU05taU6vK5r1R2S3HgmDZVvloTCjcsx+V/b7sYMvSm3yK4xGr0B2jl3z3U+OkF7D77suwg1GRV/maz6Jg/60XztnzizAn/aH+zzbwrF1qfhhrf9u4nfE72WCXWwI/mwW5jQ24dCR1NwXT3LAe0tPdMCzArOdP5148jAV6yM+867Ta0WK1LrvzZtLUVg+q/1sejh+u0UbXE4NRf85+VsdOkQH++14s5zXFQfH
__ART__lzrFSocg573EZHxdCCz/hoTbzbPF7PVqJkev5iO24P0V8TgOHOfH2PsJp8LWzM1khrA9jhauPfQonoNdB4o1bEOS4TtrUFJsTiA07ALVFl+vQr5xZsmF1VFYsuzeq5XfvWEqOCEouS8Ymfs+ni9NakXjqjv3zCzSYP7EpFGwNgLXmHoZJ6zzEbDW2KrsQR9WL3nB3/DRDgF2G1s9JEzQ8+bx8aimYozIuN1aPJQK2udNL1881sHb7ug3dyZicfrpyNx5+6xw5fbe88iPgp37ePB2UTPEXvnRevKLH5RvN64c8OjF9RUKC80Sr2Oz5dMHd/JJPPQ2pwfP9YBT2Yd1aW+TMZQbZftLMhCdFkqXlO+G4s7xmdEz2FYwz5seI6SXgLq8Qze2modBpdVZN3uvOzYeyP91x52Dxbo/tuyabwHRaK/Nqq9ccNN9
__ART__5eHTgelYOdmgdP9vBqxCBBLX/QjDsFL3icZoUm/y9WKCrb6oUjiRN1s1Ad/rL2g/d/bFo0tSdcvWJsHP3/jAXbt40OhizrUacSjh1cqj/XLBErHck3uLCnBkpjpzdF4K9Hm3YYlzLhSKl+m+PhaJ3rMm/V/0r2C6/pZt51zDIJ+z1eZwtgsC7hT37O8LglPawZezI4qQVLWtJP5OOQbTqk2VZ3uDKaawYK9xEcTT3jua7IpE+IHx+XxPC7HLs3xl9YpAtP+xvM6rEAjLmZstpfU5kDO0durQtMHd61/6/vi44MWtP9oHuaEQl+s6tfxrNk4m/Nq338AGQ5Gil/hf+SH8noR6KpnLHzsHyApJdYL77YeLcIAhzN3n38smOr749La+2z0JuFp4OGv6NmP8lv1p55NSgrCqWXs/IhXa+UV6MVmuOLOydMhb
__ART__PBSBL+pLP8cVYGTp6EKGVAperl2sXXsgD31zTTWWL4mESdKx4y+6Q3Bad9mFTw0X4fRz2cGFC3zxK/zq80TxAMJT4hXV+mwUODxV/ZVXj6+7bnz2S0nBB5qk8q4H/2G+o5EY360kGCkqPz0ukIRLKh9bL5y7AYWfKjkr83xgMEPmqUGPKS4d1H48/0kFaCf/myFe8wjFKUckeB1iEayWenTWAid47LWOqPlTBsXk9dznm/0g/Vwu1j7kCo4OPHOymRmE/Oz0XynjFeDlKgcqNQXjRtwZpbAlsahQrvl5VSkAIz++2YpbJ0OtbdnxP41ecN91/ULzc0OUXD7adk+gDO9HDikmilui/cI0G907TlBcHplV11+FVvCYds7OwZjoq8sfZ17Ew5b8KM0ryXCa/rBh90QwQppXL936vgQLJNui7bY9gf39S/l6
__ART__33JwNtWlNk7RBRhNue45IwVeuasO2ymFIt6lNqFofRDRzfQ4/zmOsJm4G/SwkY0vvyt8hF90QsdJdFudeCYWCkuLn1qTgmOLjhztYPVi86OaNbqzg6HfK9Yvv8AFzp6LF5quisDtVw/cpOLZ8E+a/Lq94DIYhYd4D8yJw7jZQFjKjFgYj8hs3LsoDFJxbYxhizA8kFU9LPApHNFn1mx+Wx2EfZzbubsY/mDdPntR8iAHpss20poSrLA1cFRg5f1ShDmdlvOYHgvlGsMU6YOpWLS68opEoAOaTWW1Bx8EI+o+jVlqnYCPDk3eSfoZMKi59abZPxD2mjUbf/c6wKBF5P2J8xyk41MP/6ZwzN+5Qebn22DsvlX6SGXQDjYrCmfvdLXGoaSnr9nvErA8s+PiRFAZjtsrdaVEXcf55QFj1mSOm8k5r7gvtwDp
__ART__n/M/WUW6QC78tu9CQw+g0ENSVj0Fy/6bjA1llWDfmvRnFzsSwOcne6i/2QhXemZrf9K9ivQ554I2MzPw9uYD3lURhCfK3p8/3heAd5t2XY1DOX7wfV7+juy74QRr5QrdUoTGLGQH8BRCJUguaHI0AtOYSkM/czhocm2b6fMhC9uFDXYvZruD5h2ls3dXMtbOEHAgMyH8Fx0/FG8TCCueQ3bORE+kO59lf+bPgekeiS38RE+fU9P83DUzHn8Wxx6LY3tAPGbjpr0Pc7C10D69WcEBs86quHpl+WBaZe9/C1fkouJydYR8Tw5Y01IOnDV0w9ImL7cHC73wwaLQWiogEQdFVFqdngdAbK3cs7k9HLzq5BgJ9echLKXbzeY1B7Eaxqyj9/3QuvdpujnLCtFDqvfddY2Qe3DfJgvvTNByQoynd7kho6h59IpX
__ART__FPbIrrlg3hqP24t0w8fX+aFJXnThYGc4mW9UD48eC8SlBgPMlfPC87DaxX9LinHa7Dut3vomzPb58C/WCoD0bUeljy6VWCsief9gRCAOWrEelGxJhYL3k3lBGZmwla4+VxeWjR0lnt5hlkkIdOO59PlTFe5v5dt2MeQqNpS7lC08VIztTvcnNpiXQytl9j6BjZ5Y7uEZq3/WF+cmj/3aEjmEG8KbekWarmOd1LXn7wIiEXA12bd2TyL8ZLNZTw9Wo1nnYsTeOen4sdtMfdNjbwTaOq9LP+aF2rj3mnJ3PHGftf7ktPgEaAbe+5hb3ILJst7Crr03kGf/bSZdKBz7vvJoKSQGYvMoW9peNxQju549sc50h5gpRyvtngfk2OY/nti7Ydn4YsEP/UHYsTPJ9fg+Dvjd5Gb1aeZDb87a/SmjV9F8d8vucedG
__ART__bBnZs/ubuzE0jg5Wa3ZzME/+aPbyjUlA56M7x55GorPQ1PTSER8IrFiTMFnggmdJ6ePdG4owpvf0jlhmBs7GCcYZf03EMbeS1TzyN7FoVkXErKxg0DRpw/+JBmFpxOBG4dRYtAhZcha6FuGL+KzkstJ8BDp8WXhAPB/RBi9DDpy3gUhwooF0gx02dPFfm6kVga/S0t6V8cEo5ZZq57VeReJNzWf1Ozyg9AQfhSW4eGRk/mzdHDZO0t3Ynm1eSF629vthmwhcSjrdFvkkGlJKTTPaowdxb4NqIuflNXByjqeRmEF5NImp9OkGIsqktp/JSUZzi2P9rJ+l8C+5HbcpLwNNhvnf9fOScPngWackzzAIiym5m+t44j+5vlHJ7+FoertkqaIdG4n068zawRD85/PR5J5/DASkVHQq41zQtVh4QXiCJyR6tt0b
__ART__SW7C8tXJO1TMgmF57PglC7scnPvr7OynHYa9/TOOK5ytx0f3T9tOGSdjY+DltRUvk0HbPd3yowobnYO6885N68WkvdrSn2KmyN07HipWEAl90wKBvZnF4LlnzX1aGobTTpf2VLx2xbObiV8LE0NhZ7ZCePyJP0ZbfY+KynpjMDl4hN+2CEY7BZLPPvBAys+MwK9EJ3+deD9f3jAdr1Kzr3/T90TKgGtR4iYXWOvFOpusC4a5deDmF7JlMFvbHhL31gez/nNbsVPSG2M6v4QiCgqxLjdn4qFYMOnjYlcf9nfDsPLIZKhaLqwk9ptvCQ1AYIS7CfNnBNbSK64/WRIDe/oT+w+5HrhhuSLaV90WYd8S5R5ci4X98cWNXw3MYXd67trEdRzc0d0Q75VXDO5A4FJDok8sTa7/yPkRBMmLC3tOmHMQya94q3U0
__ART__EY2fJEINV0XjcWPv8ahrN9C/mP++5K9CnHs7OWvZWC1MXm77EXgsBbtO10RMPjEEluxxGWq1QfNMXhfLvb54FXZBdP2zMiw6vL/U2zcGQxf6V35X98X5sk2Zuc1VqH7XcqboeAma1OZz11W2Y8byuxGrNK8ifNsVPlOBCsQeubRnoDQWh4cetbatccL9F7c2FxmpER04mp5lVQh997ezY1MqEHzm+vNftwqwWK78qKVaGjQX+heX0d2x2/Xoq/xEZ/AZdpqIOwQjxnVpXGBZOuD+0nh/VABExB/8vGQTi0ieQzmeV5OgH360Hpqe+PChdn7eqTTwiwyNnGCch3vN0ulblGyReW/HIpqgH2bsebix2L0Awb772UH6hDczVh7UuRaCVhvVFL4dcdie5++x+E4BHrk5t2a2l2L9HstHoT/c8aB7e/2yk5Xo
__ART__P5E8MRRoCT2emXNS/l6HyN5KVufvfrBsv0udSnBB+cY/cZdDS9EjXFtoMZQElXtxeWtPemKbvMcao09eeHHdaNtLth8UJ1/ea8sMBed+utb80RRMvtzw362kStjs+StVdy0Vb6SjDD2ulsI82WTd3MXpqM6dlWY26oIj6TuVd0bl4Yqcl8xheiBKPl39T3lHALauE9G0ck7B0nPuz7runUdVwtKTQr0+WBb1dFz8RwTSYlYPaX/wwc/oJ3x/q9mwWztSLXrAA8sX3n30NfUyFk5fbv1g+zUcDXdKOO1UBKzePz316mWMWqx5U/00A6bBT1ZM9zPB59X7W/+6ZqF1y8bFGTtIPxxrnia6Iw2RvNLfnIydMF15u/ObtDREb51vbR4bgtksT6cZ2ZbY8Whyv4JfIwS3LdhKCwskvDpY/Yf0n+B6O1WzWcW4
__ART__NKjndiU4CTPW5DrNmh6Nnwb2V1ceTMLp7jLHb3ps9OStPHCzLA6Py+cWTZ4muqn963ol93BcNv5PVNHADd272eLW/f7o66yVTPnkjuN4zmjcG4o08d3yOfvcsdZga9C7ne1IPJTeMvt6FLzCThwaaq/GUpX0dzfWe6F0Y5jMpnv+UBNeV97FYWOuhdLHhEXZ6I0tsT4QnIiS1vivD4u56D0iti1auQE+k1onJOYFwnyR6gt3gctQsXV+YRYdBm+Plc+faZXgbk11jdh9X3QJ9vm/GfZBSryy/73bCdjE2x+bKJ2JrzR/2YVFnvjFEyq1f2MP9iYOaoa0OaNr7QO58fBSdEXeS9pO5i80fp79S/IGFr7z2vdSNwJhsuoX2GQetBDWf6won4xZfwb7Rt+54uLMZ9evnirAxHXltdbPryB2q6TS5ifhaOzf
__ART__+kj6yRPo9rYdF6u4hGmnxwQbPsajqGrPFhluEhqsn9k2HA/HH6SuMPlVjskhYzXOwQyM6+csrvRywpPlH+6f/paChb/Sl+1sjQP+zCuYZp+E3051Ab33EpGZeapxbQzRb0uWHdT9mY8lzTZB/8VEYOab2ZYirlV46+N8bBn7Ol6vqb21XPEG/qS8zC+7GYKdRyJXFp3OwtrVotnZRM8P3Dpeu4DM0WdbMiJO7orGd5W6l3yxTrDeUvdLpzsa/Xf0L+8RqEeEyJw2B4ciKMj6WPZWpMNE4KxuvNgVzJJe3cueGYOL0u3T/6xyg5jGTP/ubdZ4OnBC7aJRKGRys9wDEwoQuUUyQ6rCGUdu1fZHPOJAac/hJYL3ssGh81ctFwuF1sIVHx/9sEfRHHpOoHAYDtecexYzcQPBzfuvnCwMR+zazE2yNldR66jQ
__ART__rjuUhkdXzE8rrapGb4v4eTKjofxNt4SMtRt0esWuflDPx7BHz36VoCzELb3i+nyLO1pmhkeOacaC75z6o7ztMdjnqss30OCEheysY1tnh0Ct/OgqzdDLSDiETbpBTpD4kP17abIf0t6mmifkhWPkQ+08cdt78JpYbyW7oBf+BVY1LmQu6Nr20dQ6+Cre753lEmmWgXU/Tz7RtrJE+bdPgXpnErCNMTZL6IcV1q1yyWG3R+Di0OLf2ooOeDSPr27BcDTKf8/52nOoHqKvJRx0X3Hwk23cZykYDLHH6ytUzTMw9D04anlOAZbKvq9QECvCuIzKge/vinDCTfTvy6gwiPplBt0eJ/lLf/K+/0AwHi/8q/puNAmfwry743/losDoc92mS0m4+/zBNdsXWRgK33Itcbo9sl51LM57GoVvs+ZnVTS5o/+8n+Y+
__ART__DzvM2iB3PDk0Fqf2PY5ZqhMDFf76joAvLYiSSHR9f5Tos8PLe14aFsCuRuzB6qRILF/ZqtH31w1z7x/g23Q5Ar/evwlVaL9Jzr2EIyLnh9kDxwVHtobi9dX0O+KnDPBmbVSvcn41MkLkA3cN+MOlzzZIneg9HZXThQWnXHBNbYlG4k5dbIrj98+SuY6NNmXJyrmV2KXSGtX2yhcdd7IUtw4lwCHhxteDTm6w/VhuGqJPeIhvB9/4FyfwL8gefjA3EJniRYHH8tion3vasdA+GyGlth7TYgqR/1BZdkF6PRp/l67dey4f5d5pjM0eN7E/JHRR9mcXSNak3Rn/kYCZ+0fux9ulYn/RWaeDQmGoDE/zOUbymzrPgbWlJxg+nDrvNj9rzApmLT+4qxmdj6f9/fHJGaEFN3gXXSvF0V8TQbeE2qCweVKpYXYk
__ART__Hlbpn87qDcUGjesGfZ72aCl7v+zFrEhU63Y+Vm/yR/aq4cYNd8LhvPLk6wq3UKS4DJoLplVgxwXdoydXV6Dpx3qnsW5/LLIuHbF0yUPwtEcS23hu4tlTN5Htj64iKP3kiYf5QVB81fPGf3sY4hScHtGsQyE3dNl2otkPGXs1TQMPhKBBblPtE6U0nDC7KPG+rxCh9nEPt1hVYSCK18WsIxZrchcuWFQbhdZi44Pmr7JhaJ5AS08Nwjg9/vrFIhO8tTATXGdXjcq74sKr2oJhs3S6ZQgjFAuetwixltdAMUhOd59sBLoDK+f3+AZiV96M6ewdptgxqOHD3cPBFsk7j4w9CtHJab5jpBqCJ3e+qrpGBmN/74M/q/K6UF3lMHqt4zI+Tdt6bqdcKPoevRx2fGiDArnL2q9cODhluWE5zTgKL15JH/mwrRoV
__ART__zotjylYW4H32xSBf20xcztRYUu9XiYFct9m4m4kr7y44S0QkYnJHHIfVdwMxOTZnslrC4T3ZlXMsqBj7K17HNTmY4/KZL3OSb3lBl3cwvtEnAcMS9/J1+rywT2Rx+4aNrSg6/NapIq4SByIq++RC4mCQyT80erIClnKqc9ukg9BWHvvcixOOda/KjMwHCxBFO6G/WCsLz1bVv6tdYIrh3XevbLerxa4W6+gfNziQljf4zltRAiHPIaVtZx3gq/Pg0ErJejivOXfnjpw33CbbpBpLEyGav0PWqtcar60faD35UYRFiVH7GtQLMOfh56NFHg6Ia/tz+kmzM0yOjzY0GObjpvPJi8yYixCcnnpo5cx2+AWN/KlZnI1t+VFNwzo3oDvn2TzRcl0ct5Fa+3nsBpwOVdpOXnDAVr4NwkkrKlE+2GvwM84dn5QS
__ART__p3fX5SJ69anLFRYleGDxwEOnshJHu8Vrx5M5ONZ7d/Mb304YjvL1WkgGYiY9hJ8zswSG4mcP3Co0xeeC7TKPygjeRT4+Ptqeh1OBtquGtyfD2N6h/INnMBQeLdKauFIC7ac199fwX4bM2tES25s3QLs0siaUzGHmfM9iv8dGgvNET9BauhR3Hga+GT9piM4jw95/WH6IeOiz8/v8aJh+uNnz0Zvc9yDkjN9IMRbUuc1pNEiCVraaWjCZg+/Of3PvsW0YGuraaFonY/BHbX4tyzcDQTs0tQ+cSIXI7LHepodVeDVPa/Kc/U0sO2TevZd7DVd02pI/cC1xSI2ffYfUu0vex7cPBGOxZYlQvPecNiT9nfyP/bsZv+YGT8YERkNwEd+8C/2+iNoSa/Y5rhgH5kgkXVvpga/9mW0ztUzxxGbhkdyPpN5437BF
__ART__r7thUeDnjB4PT/jyXz3lsOEsrvHMbJE9FIQanH7g75oAibH8DVVrfSA7/KH6794iPEp6xq0xuoGL9/4cPXrtOlyMJJZ8mRcJ7RUnZvEtTYd1bPa6sEAyX+0dXjzk4AEJvxfnPjQ4oC/LIpRm6gvhzQ4SfM+sIbf7R6uj4WmsPHNrZ/zPDJQppF+r+34T6fV/ay6oV+K1W3Gg13MD/I270XGSzPG7535I5fkVjPPnuxQ0fyRjd0jI/TfZhthvapH94b8MrPCZ6M3Lvg6WR91TLdo1hI/XCvGwHFDy54XB0xn52Gbjb5dtFYbER0YraG/CcKkmpyLAIQLrLm987ecaiPCt4z0fAyLg2em1dnQuG8teR3fUSfpisqVR/cDKs2j6vcmYlvIKa/+Uu/NYxCLBcrPNWHcs9JoM26Klr6L4rMrewAsl+NL2Y0ys
__ART__9QxkT/6tfLLaDJ2bxtwCD7VCmP3LZKZFDuy4/61yayqEFG22mJFxBHxqSoJMV3jBxMX96BnCR59DZJ7tI3O/xtHngjeazXBCY/PJk2scMK4902ipVjg0PM8LvmMl4mCMoNpkVixGKhZI7lsVi2mxqjmju7gw7Yk3lHgcitvt2bxXObHYqZRoYTKdgwOhvYcu8VrjzmHeMpv4C/jyJl1idZUDLMI/mceYhIMp2hDzNCkElZ++bHPjLYPV2KSBpHsKohQ7U2u9w7DdfEaXUIUxol/7Xu4PT4Kz1QrPZ3o1EDineN+uqwgDaiEGiosi8Mq1/KLM5nDEmL6/PLjXHUOiKbvNuNE4P7RC9/nZSMw2SXwZcisakwqzPpUOl2FrhNjwsVnRYFe8FlaSrMLqN6NzJuUDsHvmnZLDXdmYHbL22W6fHNAqXV5nO4fh
__ART__lVaebqStOY4oSKea+CXj9q5JkzSi/3mUXc3GDwVjOZG89u2h6N7xX/8HlQJUR91+8d+9MOSaxXjoCBSC3q8z9sI8GHwTjdcrWLH4628Yt0w/BFyJ4R8KLpVoH/NxlSkOR79B59oiTWcY3pPga5ApR1qigeCCzApMTHyleT0pxyvDDRfnLAhFrNgtt6LRYHjrhtmefp6MTIn+p0ce3ceK705P5uq0ImjhW9G/QuQ5r57NrXbJh/I9i40eC9KRlv3NyvlPMsZmPucpUrBH2IrXnYeexWPr4k0ydXsJ3yXsswp5542xvmdfjA+GosHiSuO50Sjku66Uic6LwQ7hyd5pJZGw6vA+v8k1Ckn9foMZG8tx7JT0NVeiv722z912o7YbfPyte18P+iLGUXPF5cEa4GmlUOlBX2qe3+srkwvO43ehauXZuCdu275d
__ART__JRG3f1e48K/xxJuLzNm/vlQjrlhJtUm6AN52S0Z8tgRgRrC/8yOFYESPq+vlbHDEN93ZI4OfPGG/dIC5wt4Hpl72jcrDEZj4PnJwYOEgvu9OqhOqdsDuaF9tsZd2MDjj73t1bgJGi46tVtmYglNCN24yZofjRNVmgU6VZOTKfQyI30n0cMdY9/rhm7AS0y0wGS/HHhWj3Qees1HxYG/Y88VhEK/wCYvMKoeM28xR6Xo/iP5pjL52PQyhuxc9f7wyAa/vnrdr3F0ESVsb0z3zwxGBLvtPp1whskRSaZtnNbJ1bG2i54ehJHXXUt3HHngu4iXC/c3Bvc/FppMLm1D+84ICw9kJx0bentDs8yG48Ija/TwcQ3eKePLeVuGjy1Kjrq/FcNja+jTzXAq+KF1LH9yShPjkI/ufBtig+HDXVfH1NzFD++jOeQ7R
__ART__WC8dq++jV4+GT1rVth/TYLNAL+HVi2ToGB3M28K8jgRZGfGB8ks44244o6U/GqX6HQ+KJ7zx9t18jRB3K3xN3+k5nFQJ1pbrVgmGbpg57Jh3tz8Yv3tbzxfsGYBV13oegYoQzKn0/3umzArnsqzC9/yxAae45Ez7A2tI6OV3nDGOAZ9f6mmohGJ98Olv0scLkHz+xMYTKoFw/XRpz0K9ULAXJBze0+kJ/dxulfa/qWRu1bjtRv3/vLpiATcKYrE7drx6mUAy+mvXzrdJ90c584zbhEoS0R1pQ5fup8AhjnVDJaoSm8+JfKpv4qBp+/I3JX3RQL/DWKBKDHifyn7Rmu0O206jqJ4L/jA/+/q3c78Xsv6bfmGDUzgqJ6JaJD60Ya7PpFn/z3SIiSzoEs8KRs/xmLn68fm4oJtqdp4RiKvJxeXZX5px6FPZ
__ART__D5NrQaiXCNzQrOiMFy/PiPjpWsLfM2BpSEc0OB/W5+vvzaJMR7np3Q3UK4tdwqVeafHjU69cE8l/7w1uF0/93Esqc8qk9Gxf7dT7mfemXrlPOwqn3rsJVlCvzAtlJdTr8Oq6qc+xt56rmVpHNrB86v1f6cap12iJ0qn7X9fVUa/idl+m1uFqChZMveeUlU3dJ+9dObW+o1n11HuZ0aKp+9Qm86be2x2dWo8VFjq1X+aTWVNmqrTh1uap+6YPTj2Xa/ghf2rd5NdT+xPPWje1HnOe+L9zbto0dR+zNbNl6v5dS6b2xV5V2DT1c7XIqTgxV7TUT73qdU+dlyaiMbUet/Hqv3UWzJ66j93ZOrUei+e/qTgM66yrmrou+m3qXNwHCVPnYrKKpu4fNkibWo+7TXfqeawns6biw2WX/Pu50fmpdWhaZv/OfSNg
__ART__an9Mf9epeLBTF03Fjb2RPvWetu3y1H44/fn/nnNAaOo9+1H+1HrcNbun7me+ePHvvk1SU+eg3X449XPxeq2p6+JDblPnoH2YmIozp3TyX5yNjf7FgRU3tf7we94pPDCZX6b2xXX5Fyfa69NTnxv+bD91Htou7r9zGaX8W/fSu3/7ML449XyWy/Op+DD3Lv8XpxtN//LdzJyKC9N7/tT9tL9l//JlvvrfOqFr/uFtZtwUjth6Zf+e//XcP7zN0Z/KKzMpZGodcSH2VD5ozYr/znuxZur9cEL/vzwVlUw9nzM0e+p8XC2tKRyzpDdPvWdL/PyX710/ptbnshSm8MZ59GXq88z5Ff/wq5H9D+fpd6c+z71fOxUntkPM1Dm4/G5T99HupZX8y9OGf+seWTd1P/Ow/r91bBb+ux7M9y/uJx7+ex+z6l/ezkv8
__ART__i597w7/4y6j/24dDxr88Fl38l/dljlP7pHUO/cO3ksLUK6f45b/PVfn8w+3v4alXTo7l1DqsrfPbpl7XtfzD+6N5U3nh3FOaivdwQ9JUfbGNBKaexyrP+Fe3EfJT+x/+KTq1Pi2k9t/6hy9MxYFWfuxffvba/6tXvZn/4p1p8w8vMW//4a5j5T/8V9WX/Mtz6T8+WdA8tT9x0bx/fBQX9m9/p1n/8tfQ+A8HfdX/nuM99g8/r0T+5SXUZQoXrE8f/tVHwv5/911Z/+9zG0X/4XDZiX/7ftr4r543WE/xB0slder6sHBk19R9MTP+7e/K2D88jpjk/FvfaOp5rFWqU6/iJ5f8y+84e4qHWSdM/uUh/cPU/RwtoX+v3+dO3Tf839mMqfvWPP6Xz2uvp+JNY5Q2zFY7wKApKgqLKzGYxS+FpRUZw/vPi9ge
__ART__og+9EOYoMVhfs4UDDzA4TCXqR7QoPpExRfqi2cLGygy25TERCyX6Icriks07hzJ/cYuk3ExmOgmLqjKGz63klaYPLxNh6jG4nWuFmQcYzB4x6oWzWkp4+D8Gs6uJn0nfPCnMOcSgHXrCr0k/Fk855Xh8Ex4jq3e/pmwSN8oKWyiSlxn8FvR9C4U5igw2TYKyaco/yT9Ib+gnn7quwBvI4HpeJ9/GQViaLLYqnXKoeVHBy2JwtQ+JiCrSRdZIiDO4K5V5uQxaqR7lYdl7hzIjE0ujDANdHchPWXcqKYckXynhcrJFxwBeIcawqKGwxUnG8OCAsKYSg60+QrnLvSuhHFi2q1JOTGtqKCugjU94exniG8/ys+iPxnhVGOwflOf08CMBykwn7yHvGwbXUpPyNlSqEg5UYQzbekmJ0kfXkStMq1xhSXLlJT/l
__ART__S/ezm9+LfoJyF2K/FZMQYjBtS8gZJ09RW3yRJ5yuxBi+uV9Klp4ZS5myfUikLHKWdlK+ZQGNlBPVsTUSvQz263MSXgwmg8MvROdZxc+l8/3mLWcwy4spM9kDfhIcBtN4PuUP7fmafJ7jdp88aFiAwStJZ8cJvqFtlWIzxFfcovyeJ0IVyZ7lg6kPBpiQDYqblQtP6DGGe0QlhOjMmyLSaozhAQPKl8rtMOWb479JguxiTyu5lavynHzPPKcjkU/QtYEyeP06jZdF55xbPMai8whSrmQmp6g1l9ZT7lybfCgHwZ2zJVh07j2RNhUG8/FWKg6ZIRITDPbCA/wMup09FYe5xZR96uoBEmYWTz/lzfa7igrzLi1eC8bwhUxhWWW6+GNyCNq36fyS9DMl1OXH00hghqcNUAu8U6NQsZJLns2+1EO2xAwQSScp
__ART__MFeV6KWzD4tonmRwFr2UsqUbB5EEiUsd4GUzmEUjHiQdSxUpO67p50ie95lMWchuViR7fP6COkGQL3kGS3iUMpsOvUQhrFOSwNs2kXeMwR0poWJdsYbadcUpyiEHwxTkZvpSt+stIF+Z/flU3P4kUJawT5/watJZ4SK9LAbbcx9llCRwmHLNWSIuMchg+TobtjGGD3bwWtBpSSLDugw2Q4g8kPOshV+NzrdekYRjRhllaqffJaHGYG/XIxlkl3ylHNkihSU0GbR7LVRpvVip6kXnKaRgKB3E/4becZwcLEqbcuft7CYBL11KuQpfDKHqpJqyAaVZXyFAZy57z5tOZ35fzNWhf+3g59B5Gij3p70BlLPlqpWkToMvUmBffZiEXtxBjZdg5YsIR5XBPa0uzCQvJWIkGGwLOsEY7fgliWEShhTK0Km3nFeN
__ART__zqm6QHKq/IuKQog9ZXM4NCHM+I/B/RVGEs9cmEqAxv5ZTPklvmNSvtLb3lCWX3PDSZjZ83spf9EjwYaRdK6ziLEOg/uGRUWgMoMcx2cbSRkr7pqiGoNj0nMhkH50jbDofwxaphFZknbisASNwW5opQ57epBXlC6+ZfGbY3T1tZS/1YEYEp4HIyRorMhx/jZ663wqaLdcCcB2pVP3OoqoHWbQRntVh+lz7xnKMpgX+Ui6WOqPKD4zUqCwnSzCL0lLFQk0ZnDorygg2vrwS9MdJSXIHTVNVIbE2iQIbDuchDV1GCyBpZSRrI8c2Q/TS4ty+zt5wvANg33mCikI5oH7lM9cQAFlPjbkTvmfTp5WjKSzSlQJtMJFKHe9zYdIRJhD2ylbzLPTySbZm0WYBoTS3vLb0rpEIvUZTN/nlKPqX2XFSAbnszaFMmlh
__ART__CiQPTKlDt7lQJrb3Z0i10S8HUgbkDU5ULEWOUubBhmFS5fRGyhePq2pJ8T9WExDQ+H7x99JXsKW49OUzpIxphM8YtCUiqlz6/jj+clpDBtnu2DESaPGNSyhwbBqlQL0/hFQ60ziB+rp+IeUAPLGPVE4H5UNdYkCuimcvoDhI7CtVsw/+Uo7KRt6U6VndR14OndYuIstgcApeU5h4aUj5Xq+WprgjuYgq3Z4WqvTkLcjxmAl7KPevq+WK4nTmExFREwab20UYcnmDIuGtiiiqupP7KNCXl5DyEXf8YxjIYP5+ISVOF2QTymO/ViW86hrJz6LFLlZh0D9sVpWmOYpwTjO4j20p83WT1YqajGHVRNL3OHIiTNKDsgopXKY7USg/LC8lSd9PuV+Jl1xQJAT4rJpykgz9RZnnRu7hZdA5WarknEG7KCIwiScX
__ART__WCMiwxpUOVL1IXaP2qDfE6r9VLsratK5z0XY5KO9EqRuG3god2Tv51Tj+6ZFFX9cF3XknaYiagx65GkJcTpLLsOWMZz0hrQH7qlBcu41u6mljjjxsum0+MWiF+mxTwhyaCvMqN6zrZPASpz3IOXmb/6QKui3w5R/XC/FxbvKCfQ/L6fCJmhJeI/b7USox/KDIo3B7e+kPDTnulNekQ0ZlG9czDeK5fK6+cXp8QslLBi0o2NS0vTdzfxseoIwteF7TylKlNal7NNjlClkjKanWNA5eSK25IOv3MgeaGp+wunkpho6fz7dbxGFlYfqFEyjN1KtCyJjpxjM9Haqb7VVUclrPCrxhjHcbZ3CYrD2riBo4fSEk58yH+8mW9+8m2y3S8ODNEbNaOpspIGx6OJHRTT1GSwHPooCbe9RgubvbsrB8tQLyu6RQ5Es
__ART__c/sVAnGh/QSQNIaX8NgJBkfsGmm1aygXTlYcD+UkPHqXBIYlf4w8lJY2OOV2foLyQlx5lHrUdm57IH2/MYXKeSoU8QuweL0kmeWf/o0oz4TJauHiVJPaNkF5T8tspI5jy0OFZa0bZeX4PJlyLpe9SrkcHvUhXYCd1p7PYGsrksAPv6ulcnipjDK6LA8giGEGF1AWnvSV1B8skKYsTJmLtBRV6GxjEZYAgy2ZqkjEi2gSJSbeOUup0U9pUxaz9Un85XTLE6QPjr6keksUtQhLYCtlQSz+nt+C1pxjS1f0pYrlrA1lt8xMpbKU+YJqxjtdyVfxTzMNmXRumUj5CQbXi0tONc2NioXNfgIgk58UdSzaTnbDbTalwlKkTzkJlxpTVTytiUBFIyglkM46vXhMh/5HiXzazs6QJETPUoJ8Hcin/F+vVJJuyJGV
__ART__4x2kM++JyM5ksMcPkLywvLqJFIwuoKgz5CTl4bizmQgrEUFeDoPGm5NCMC+kQUDwM4yElENKg1Sb+Q6KM4+8pM4zMEYwylQtI/TMn0vF+JEuKVxDY6rLf40mLB7bTtAgYEq6Fc1QRFaXznX7kE8f1KBIXX45uUu8M4H6iwKdhYTPWY+jKOw0fKdM1TMWULblhWaUnel6X2HucQbzPeVqzlY/R2phXyxlm8nHobRjnx4l6HYeIjBgPblCYMA+TP01ADbfNIlIOm1cpPw4g7ZvO7Xn6SwSzrOjlPNh8oAwU4NO+3CLRX+9gl+Frr2Jf4z27QIBPVObpIjZekyYQUrog56qJn1nH6U4R15QaajMoJTOmfOEB5j2i70E6OdTSd5VK6mNq4eQ0N3+SPlUPrpKAfHCOMVO1qXeTLrWb+oPGGzg9yDqLqSR6gLa
__ART__morDDK7ab0VStsGJlO7cwEtpZvuNJLDcpTWU5++2F6TUWO8WpxvSU2NIL2AaCRPksPkeUw1k3x0iKAzeEOpj71jca0Ff2ksyL9NO6d3/XlKtoT+LCknWb1LKw7kzJAj9s1VJnkPXSjDoXC0RTUEGS7GIcprlW0ZKXKHMw4LBWvuIWrrIlaKLl7eoMLonkC6eMUnVyJa5FO5aXylyGazVJ8iDmZoi6boMpsd8CXII629k45x7GVTPi2qkZKxXFXk065UwJRQ63lEcQU8hOeeusqBoXGOSQl33DUNROuuYyIQlg+n3nrrTr5CSybN3UX+HwmKMqsc5w5S38x51KjBbdlCfKttIGZm6a1HJOBZMwMpe78LPoTmJcLQZnGtNhuIMmt56flH6djfKNFlJjrJyjMykMLOWTRl2rqakPOeRMmX5Xv1MgoiViDbq
__ART__sHs9SAyPzCCxZx7eaKjJ4C4juoFifMlZdNlKiuvDD1M0vYayvec6fKaU3nAurzidtlREbQGDJWtHpfZCBMnMvjyy1LE7pLyu6FKO2fMoLctdTGkHlsBORVIAg3soIp0vEkkSwdtIscUBH6r3fBUZM2Ow615SpUV/QP1Vk1lpvLJ0loaI6CwGra2Cut51jDLPPF5OTRElH8goIP7Bm1xI/kvJwAwXMkowD68gOxUvjybRETf/Q/F5oTIh2+FmPwqbElVTQtqYcrTWo3LGvPSUcnW1EBkTZtA+rSVFwnXjI92Ztfwt4Q/WKVIV4jNW81oIsE8cKn4ZSC+JpBLRJUCVoL+8VCTd8jmpMabEZ4qOp01RfFo49RcmfCWpjrJ3pjCDn8Gtp1LB7RdUZdGV0qhInkilgP5lgHxl5dRRvNGsoDpG39xKlCb3wjIS
__ART__vgXOlIVljDHBzHBLNDXCHdOn8t6iTroZ64JI5DwGZ/wyFdbAOjIsbthM4d0zlaLLHjlhWX7SQ59TrNnAIaKQZjdEtaMdXKqLag5TdtD1/by2dHagyLANg/1qA6WZVaQolX4nixKL40t4I+nMSf902jURTW0GbUY2NWXVhAszz9O550W8yDJitqRF31tLmahahZPEcmUCKO0f+oAw85plzWp0do2IkCCD63KbtH+OaxJhCf8P1F+kuFZKTmrRSIap4c0ikQsYw5WULzZ73lvhQBKqj0ISxnSOrcgbAp6WYKo7cdoNaXSmwFsys34/TxGBXzYVvMF2SsItWU9N2VxjErEXYxQKnlhRX6v4ie5jBYuUkxV931EpOwNK7OzrJpvecZUiqOOLiYS8qU5VnYUphWgTZ4ITcXstfiZtvogogTUpVdKrH8wjF6xE
__ART__jE8zWDeiKTJc/JjyHC5fJkGUREAMYXtBEZowgyupR+W4MIo0hevKFA5kZlCQnSXsEchgx3+nnh5TSBm3CoTyy9IfzTCkSP8qeQItazU1IRwQGRNksFljlG2yy3ECHnH/VZRkzI8g4TLTpZStxiUJotjVqN+a0NRF8snjDKeTHsM9KkKbTR8uFvEiDa5MhPAU7b+LElw6M3uxxXz6rhqSuuEjI5R1tEMxtaLcO2qwuphBlX7wCarh0PuIFGLxHqeowpToWzotQ4Q2i8GMfexBErvpItVL9/RRvZm/iwxx4u6E9MggJsKYz+B2gVIxx+sVCbnlPabwd3wXJYOGR8kwMFzOkvCis8xFes0Y4ic8CTekCVGd4kEIZYndtol0EZ8eqr+dUKRkX/50kWEG3fIlJSk5ktQvcXomqTnPag1lSTxT3jCfzp3IIDpb
__ART__QkTagai2bEpyrO8X5swZ37qfdkK4DF+q6W6ifV1QKex47xjeAomZz1z+8DRCND32j3tcKw4r71/+cWEeEr218nZd5WD09qYVIWvbESScu/ZddT3e7rI7wpidhYdn7HINLpfhV4jIlpWSdRB44q+xaHUhHJWU1oTWlWLoUlHniG8FbujUJO1jNMNox9rkgeeFaLZavNyytBMLDgiG/76ShvnzslMK2UFY6eC4SPtPEZSr0s6+CKvHej8hkc4P9Zi1PjvV3j0PWztGV9w8mIVY3pGCCaFuqK+1eWz3oRkPQzYenRaRgbnBYnP1/Ppx/afpyWWXi3F654MC262pePj2SL1ZWxHCtCZvPflbCZllTaZDq1pB7/XSn4ypx7u59yxv6zwBTW/Rgar+VhyqEsSljlvYpq2f4x3biksP+Z9ptXYi3+6/lJYDdZB+
__ART__Pt+93Cgd93Q8TuwzaEDO4jSeB0V3cCdpT3vRtELsv8a2qJxbhYy1jDJnnyL45a1z6dxeDZvPbNHNTytwXaZduF6jGSXvdZRfhpUiST+528anHnRNxny5xFLwq+Txiis3YLvgnWNOzCL0eMsOh31JwYa6jnpeiVosmXdpzZX5RaAZbmx5eHMrfq4sbPV8XIDd8fIqs/404XLnN8/C8Wo4f2PNWvC2Gwevx5885F0CkeInSWUN2Tj2qV1Cmd6FW4+CNDt3lWJF/zRj9tx28M/Q8Tl6uxb9a/b89rEtxM01o8rZr5tgEFfhaPOrAW/O6Hwc5W/Eq4eir9f51+Ch6XyRP1lcmHpo3C94XoI6bsjo41W9CJ80MOGjd4NW+oXpHlmCTxv9vjgwChHz2EPgRGMFxDqv+tjxVcBLm2anyslD86xaQdv7xaio8gva
__ART__p1+Nhh88A1dW5oIzl899uWML/GasEdroFo8z67ccmhHMxeEM+smz9FIULnx4u/5jLn58UrbfuSgFM6Zz7JSVm/Hj1mDDt6u9OPvcN+SVwB2kJqTsW3q/Ey8N9219FFGOZ/p7dZr627D92Y65SgHV+GTtnTvtdhVkDXttv6cXQ7PCf3lSRSXSr2n5LE6vhMMaiKsRPJcO3t5Zl8DF5/JFP+qMeuEaG5nsdrcVoWd6eC4P1kFslzxD7WkleIx2p3wSKET9o3Bu85JiOGteGRH53YrdrNKUyoh8GDu5D3zmaUJ54YLTXnGFmJS8pZk5sw8TqQcVzLK58PH7bG2zoQTPFi/JMbIhuFu06qgLvRWiV/Zl3/JoxPrBlt0nE7MRZbv1eLVDMZZupcmsNs9H/6jH4zdNjbA8W/H09awG+G0/1aUVW4+PpiYnzbd2
__ART__w0plugOPVhVcSusVYzdwsczrv2H5aTUQVxyTSSZ1ocvyCj7jqIub+c7CD3m4KH4Zwq9k2g3jzieJn04X4AB9016PJYWwc14gz8PJwaySlba8tSUIiVqu9byrDfPsusKmt5dhYd7Z/kUrW5HXsDHx4/EebP99YZ5kUAGm63UrbBDjouRznnLAog7EmCtE322qxVzlVzqMlRUYjoq2H/tZjieGmu1nG5oRpzIw/7VRFk7rOc8sDi3Gqcy4N30S1fD5eLqoobee1FOyQNoPLnirlT7jYg7WGERur21uxIH779+nkusz9OPMxGM6gcqMN9ELCiDqvsLR3bccphkJp7XGumDVwDdn9okafF+h0Sh8qx5C3cNngkN7cTe7frXG6WpUBLxKalpVgwQNjaBHCpngbGtokeAph0sXv+70iXIE3zvY4sQewvs4pyEP
__ART__p2KIjfbfdtxeCN7YG+8PJHCwOi1AYteNAryTeFBqIlSNHsuvWmfbmtGo+IP7rIODh+W3M4uCKvEmKWmlfE4ukkpnxx0eSUTsphsvx+Uroa1fdkbBLQKTlidN6GONEPmyizvwogD6Wy49q3xcglXayz5wH5dio2H6pgcf69CLkOyVGbVoVcgquBKQgdCiWwt6OtKhdmqC421bD82naqnXszoRdSVRevRcPoKzS/mvvK7AmaNOysfvVEDpfue1NdcK8av06eQizzo4tm9T1uLpx/ZdK2feuFUM1q34c7PPFGGvqvYC4/01yLSddewYfymMjjclhfL2Itjoz6XJuHocOmEZu1y4DWyN3PgBZhNWntjkfq2hHgERfR9MFpdi3+ljBmHMAugNX54Q772NDfxvX6/40oBPR8RmrEpLQr31wUjLuCJMW/L95+EZ
__ART__ZXA6OSgQf60RxQ3vsx/Na8W6Fes3D5e3o1h4Xp1hRg38hh0yQvVrEavoVCNzvRjz63p4d3CSwWt9z393XgEOztli8z28EV9Zh4s+vMxARdCZSycX1oMjxTf+eVoBBF53814pr8PODMNpL963ISRx4aGTWb0wnqf/csHfVnC7X/1d/ucR9NcWHnfjKcCYo2Thka+N+Oil5xut24Q9Cr/MLzzsQEWi9nnhJ9Uw0/01PM2Mi54zZReeemRj90DS9/eOXKwuzBu+RHjhxIN2a87mUuSNn7rlWlSCrfu/7dykXorKz/J3fN80okNgSGojoxGnD0ftnsUtxs11arv/bu/DGtEl610LYnFU61O9ArsEGxuvfymdqIPPEZM6hett8HVrfP2LXodVH+3bHuYXYbLgnGueWwKGI5ZtetTTBwnrJ19u/2rHeKKZ0DeV
__ART__UogJyLvfDyiChnnP5Y9HslG9yqU5Ob4EeobyB5+JRkG10ycp6lQ+PC9VGy/60oc3x9J59Ui/m7h9ML38ay9y7MSLVrQWwHhv08b0i61Ql0nza/xSjQ3THn94vr8VPza/eryruQGy/GHXHyc14Y4gX3h4XD6y+q3tTB4WoPXyVuV5m2ugp2qvrvc0G28f2+40nlGMHYP33wtL3cWQbwOdM96JJwEB8vphXLBfdWtuDKvFoZger+2V7XiwX0t71c4exEw7fi/icAbiDWZbqt0ewMmXGaujUtuwTk6OPk+pH0L9kpzSvYW4U/el53tQPZY3KV2uP1GMB7zjS86LFeOxw6ziq/tIPcirjIiaNWP0IG98+a5CvIf/qI55CTLnzWPODqhE5pv/5CVPtODAsJudlFQRUj7dcvVXqcG2BSKrHre3gveLW/ZRwQY8
__ART__2WJwu3RdOQ4IFd8RSC3AnjXmMye8GtFgZVSUfDcPJX7KLX9a0hD7WzBT+EctEiNe6kgkEV45s1hM0bkRO5YrPe5iDsDqZJIG+0ATHrl2hLJm52PBx7eSzaGFENlx9GCLygAWmK070cpuhmBU9NKtezMxty76btj5bqy1z2hcYHcLvFIdo5v1MhHg55z343gcvIMW7qvb3gDNbemzT+feQmHSrAZlomsqhhke1XvycWbl1gQ9vnJctYk2NzVtg+bPIZUanzroOgrdledtx6lPC/NDZQuxyW+kSlC7C77nH5eNyNSgL/1Mn1lzG/p2l53Xf96ERI3wzJQ/DfjP2Oel2eMWpH08srxBvwk2FiopXfRG7H0a/bOfJxU25sKspVdJHXoKms3TLEDC5a7pLYlcGOcsu0+z6wKzVOfL5Z5CbDjS+f3i11qMrb3r
__ART__eMijARGM3u7/lvdAfWfSvhUGxdgpLyn9hcmByd9NI7OfFYDN22g9U78MAf4Vd9WIPpkztnJWi1wJlk3fqFnkXwtLQxXt7Dv14PFrWNe7rR59bY3F16OqoPX9w/bbxoS3Wk1Ngk7cwtq3n5fRbxYi/8+sM4/MM6F9/Nlv/k0JKF1zqfuAcwfax6MWvjHohlhV79Gzm3PRwVrz6MWOMvinxE/K/leFA6sCre6lJcDqc/XoQfF4DDv+VHkT2wY/nqK6zRNcOOx+I+eTUoddyvITo/tKoP+iySpysBQv5zTrhH1oQNnIWh/J3CKMd4ROaq1Oh0VrzcHW+CoIaTP3BmqUYVLH8c5d9zJ0L+HbfVymCFKaMRcClTsQ1LuPd8iWC4WCBWwDsUakgu8eu74CZiJOj5ySs9Gs5R5jltiKb3zC86QPJkNsj4WQ4MkU
__ART__HJJvHeXLq8a7Zdv5IxrbELXw2+hvwUKoaS/ZOL6yFntnWZx5afMYnm6nPojZlsLfsLzMTrQcBYd7s9jBlRDXkO2S39mFwVXPJUOK87HK9e3qDXK3Yfk4zmG5bhKkl86+PTbUi2/ffmkO7iR64bz+/p3ppbgjdHXyj0If6qX9ulc55KMlwOuh8+N2vO04/7fbuQKJXWd9b6xowg3B8NfViuVgfJbInVfORcSBlQmPiF5ynmmvv1+pBgswMn3p+g6coFfOlLpE+tGlu8PqFoXQX8/ZU/WpAoF+m8XdFzRA/rmO/4JVhXiwZ6d8s0sPLrddeb98VSm+XjHJk0wagCffixbR69l4oTrJLDuajEPvZ8me2l+MyuMnK25uq4NpyYpPprX9uPtK6lPOzTyE+5zS19uej+sh1oL1CVU4p79+xZLPHJQ9+GT781gM
__ART__tjRs6LAldVz5JDLtyqcGDNZNsExa23BhR9g37YAS9DeP/pY6ycUZvoqHgbReMOsDBnllSpDhyQ5+ltIAo3fftkSUtmHy5HyerjdFcNm3RWlGYSq8FguLFewsQs7Y7jB3xQaIx6uqbib8e/ux7OnPN2pgy8eWX/SkCYxNlhG9y1tR6EazGVpdgrees69LRt9Glf3ciwv/K8cXc095DZU+MC7NjbY/zAWf2NybrwTvgqXaPd58qhYS0t8HktzaMON+MN8vDy5W6Dn5bSe66ZR+SjnNrATdRx7W2d9LRJjjU93YQ40wO3mNI72jHre/zJ4j4dyMPJOrcyOeFqHKUPvFq8lymE3nyNwdJ3qz8cubmvYi2M01e3jhQyHkT3udaSzpgIV/okL6zNu4WC2bJGvXCev6nE9aGpX4nWa/R4X0iTct57z8qltQVv8l
__ART__ZL804Wm7q7GKi0vQeyortmF6Oxxtw3qebuzAw4A5tko3myD+erXlRpN8zF7Uayxxl4uOXOnB8y0dCBFqCTnjm4zZs9TurF9SAuVzjbf2ilVhLq3nvJ1SBeY0z/C4s68Ruu1evlusurBQpJCe/70ap3tPmyr19oM7vjDrTHUjlu/DfWHhToSfebhxvU8zKhxDOxJ5m5HTrnR9y40MvE84bNBH5ohnoaHpc/S4EPrhsvdZRzWEo4qW+6j24rLQiSZmRwE06aZNqQHFGLtxv/duZA/EUrZZHYkuhaT2yZPjhiVYIah75tzdLDzR8TVVjEyB367rkacE6pFqFlabQeb4BzoKjiuvFCHhiVGE6WAlmKKKGj6qVfjzU5+vZTQPZ+ftFpjjU4D4gaUWkqJtyLGdIxuoXIc3wiJV4uNd2CFW9fSIShuiK+VVVn3g
__ART__Yl7HRXN30reWSe/ymfhZAH72Ff64xY0QtEw9XXe+DiuFA/u1SD8o+G+VbTG3AqHzjwa3t5H5heiT3EdVSK4UXdDPW4KTSzo/uW4IRFOaQrGFbju4Lx4rOZU14GxrrkT7iz6sv/40VUywCRYLaMk5OvmwPbBq3SvtGtIPZfr83dqxfJ0C+8G2Cvz5vmp6pk4JVjO7lgkRPa3c0DwS0FmIC9+Nfx9anAWp/tAKo0c5uJLFEnlhXQj/Jk6c8bUGXPye9+nuxlyYGisJe4e34d2NdXp3S8i8Ufy8+I1yEb6OW39s+lIK50F74elv6jHnSZaAQkoRGFbSOlEzMiATNDP3Z2oNylu1Ty7MaEVMmCPj1LUmxHydu+a1fykuDz3dt1QkB1mnIoeTdEm9tqxbmpTfimU3fKcl+7SgKdBgjdKxfpzO4l0fGl+AbpGv
__ART__t59uyMGPM+5hatOHICZod+ZycyrUhfhFOr9noOXtWnNmbjmeavOWafxuQOadY/t03nHR9uGx9ERdA8bayw7Y9XWg+PF3I4u2AjBUFeQu383AxKIEFcbcLCwPet1iTvh9s8yj95dXNuPh0mkfJoKKYKbyrMn9RB9uaF14e8mxFx+/eaTwsrnYEi24Onczwf8t4x/K95vwMdp1aevNHizdLZ8oRPpPr1is7M/gdqyeNmG+1rAROl8bt05b3IWSaFmNlSfbwXvN3IeeEYjfH+bM2xBdD1VFFR+vRc24ce7WgdP7iT49IbbbzaYI1wrtfK9GpeJ40fb5z0VLMD5rVXNnZi1W3vbfsfhyOjp09EKvpyXCV9fq8EfDUqgXBWTqnyhEZvhx11M3ymGRfvbUnnm30LNffGthaybUGsM+jPXVQen88wYVkUYYnaIv
__ART__MMoox2yDaZ5b6uuhG93Y1c0kcf6jsj4v/yYY6R1Z65Y2g7m6U3zJ7ULw2Qf21vjXg89aIkVgXiGy05yFpj+Nw0DHvfi3E6nYfjB1UOy/Vizozph3yasJT2yu3/OqJjhb2LjNYKwHJ6oUhX5dy4b+kosnt3tVwZi17YBZYgPe98jaJGY14ntllB/f+1KENIb4ZXeXoS4qfdoRkSZk31kuoFRB6ivp03f1QyU4MG89b9TPKmQXGjnNnl8OPdk5an/2d8NutfOG9RKtONlsFK1u0gzxCr21elnF+LRye5VqYTOOas5zqpqeBu+9Ag93a+biP97VHZsvFuFgmsXmGMVI8C3UtdYVLMNBm3sZFw1uYmm9u/nA7ywyBwQgn+Bby3fItvBoF+I273soG5kA2xsvLmvMK4ZfxprIuBlcpOd4bTkkU49f8xwcdoj0
__ART__YHVrcEaLZxK+q2+VkWXdxaZQldSD57MxLv/GXWdWIbxW92xd6ZMB3qUtYonqvTjUnXbj9rcutOj/ktzyohZ/Chz/xk5vRkK6w9gP2ybIy5/57h/QiFzpUGXhcA7WbrmaHFeSjdfdOfufnStC96R28OKCQly99PbUJ74G8JyL/HaTzMePZ4ZIqxik43LLfM/lGRVwCZpmdproJsuUX7ZlnrdRYHS2juHYjsPeHc0s4xSkbWJ9NZFJwfc6QVG/dwXY96sj2aetDfjcsEBXtxulETG+BTIFkM32mt/8Mw/TLPmWRu9vAufpkQzrpFq8Zcvs7v/VB805B5r6OW1QXJG7KuFZD+q9TFi7pIrx0vLDEdaTRjjPiUqsd+7GCw3naR215ZB+IcVW3ZCMR8f3lZb8TEG+Q+eWzQ414NNdoKKWQvA2uiJnpSWZa7Qu
__ART__DhgWZMKmqDnmbFsrenZciOuOLEWNXZabFunnmS00l9LMYtxNGl/MCKiA6WhS0OZptcg4MlHerN8IvnNH7APKB3A6Z7F6pHoaxp742a0h87PmTa3DdWfLsdj705CxcTF41bLmuauWYavEqcyImanYYJ+RdshnAD87ll46NbcCwb+H/x5924SMs7FVmSYs/FBUuXBkvADt/50LPf+zDA7T0t8tmlaIb+Y6XwS3NeDUYHR8TVw6fm+J8XFvaYb0MqXtkbubMbNnomeVTz0aTJuOXkwrAX6WfwzlNGFWhPRA22Aj7MbKBeW39OGIZf+SU1HV0G6+Os3KKQX6m51td4zexPzfdwvVV2YijWdocMf2LuTIB60zmVmBF1qPStw0mvF+2z7jgdP1OLGoOmD97QQs0vF7lH6pH9e/6ixtJHNm5dErI05zC9BSe6Yk
__ART__c0sTSqqKafrqbeDqRAz4qifCSvq4uGMRFyc8YsPLtbNxcXDlSH9CHhxeyUee2l6Pb1lubu4iA6TPSdcrlRVjxZe2fZ6JTfD8fE/5+iYy9w3SlwyuK4J1jchfTzKfNxhvWa1cWA7fb0b1Lp3FUPiUa7SnqBkb0+M2ei4jc1TtPVPHPX1o3qdrqfucxNGtjekdVo/Zq180hNkS/lZ6caxvTxHeLjH41OxbiJ7f9FUHv+TgroHOwca/pA5fPZbcpt6IYDXdBh7JbujFFj9ZaNUE0eTd707Or0e+fO2v/blt+Ly9er3Jyxxs5fSpi6n144da2+bQp00oTNverGNbje7iRCuHFw3IuUU7b+pSAs1jrx/KJ/fiyWvLy/ciq1Efu+LuiFUafmlHX8wi/KQdLVKcfZWLD+mTZ3KCW/Dr5OFX+l0V8HQqv6Eg1IKO
__ART__6Gg1ueZWML/OdV46uw4mu936s0NvoV1tfafhs3w8PaIYTDfNgkXs9YHPT9tQ3/NdoUS1BRsemCv83FYDM+n+Wye1ipC15Zfskrsl4NjZh35gliK2f/LUriNFeFL+Pq2M6K+fttMbDoQ04l2NEkd3LRf9X9YeaXUdhIhEhtKB8RI0LBE5859XCeRdNfbdlGnD97D+wcacerRv3jEw5lyO9GPLy9malegsuRB0aaAU4re/yq57UIcBeZy49r4er0si3rJEyVxe6V1ZdLURWXPmugvEczHbtuGk49IijPJNq9p/OAtJoXmqq6JysDHoeLzsvFocCFy0X/piA0oOFbJavUvx2Plg3tVPRB8xlUxC9Ssx4eWwamywC632Ey2s0gTI5C8JN7veg3Wv7grrzqjGZntvkWNzi1CyZtrjayvqUJNxUYZPuR8Jq59t
__ART__HeRUIYg/X9x4dyma9kqsnb69CDSpjVKb7Bpx505s7x69Jrzs8Ry7L1GI77nGHjSHcuQu/ZW0sb4KUtNvrB/15OILb35z79ka7HCLWNar1oC/HlelL22sx8cRub0SDq1gv+iZQWNUIaWceehLTCNKHG8/tTjVgC95G8116tORqCvz3mYaF9Zr9rITTQvwfeO7B0yNKvxH71y5UrcMpktj0/sDywDhMn3b6DbElw/HLCPP5/Dfk3p6PxeLxhaHR7oU403b2uxv1a2QD7Y78VmzE3d3hT9OuNCL1vQr15/LF8Gy+JfrTZNuiHae42RJ1SCsoGdvTV0Lxm8uWSRrW46t59fym3rkY9nHERXZG2U4fPj4+G+3Rhx9cYVHKiEXp2V8vxt0NUJl9n6F3sQ++C2Q6y3J60Dtltf0SeUG+G7IMPB93wLvlzumHzib
__ART__j+9VMzf9NmnBiOEqLVn3fjyZ2PZ+Z0gnTi99efOVWiUq3lSGzrMqwchnGY0Te7h4I7HN2PfxEGKq5E6dOV6CotEc57SuVHASD85TlM+Ap6iZ4MeGYohu2WFjZVSGJcsuGZ2z4OLSo6vGBXNLwfmkI2I6WgJG9KACf1UZjvmnHYiSqIBN8vKbSYfasMgptOWueSmq4kV3Sx/MxJLXE01iko34FdV8LMX6MUJcmnQ2tt/Csx+VjwWyS/DDMClE884tSHtsXblfgAul0t33Up734NOtN3vtie6VCrnwgesWi19Wkw9eXGjEf0fPBgrcuokwp8tZO+7WQyHC8/L5txVo//xE/XhbN8xLy54o8+Zjzp708qfu+dASct3JS/07nePL8+WvM7GY+oeEk1kI1WcLdm8tRofcvKAmMieZck+5q9OaEb4l55La7BKM
__ART__9Tb09Xb3w/XEkf09xmWoqJF8enRNO76XR7zyDilCpo9/zf4Nebh1Y2BQ07sVrtMfGC9uKQFfwKzPX1wysf27iXDnykYEfMpflx2TgyRlenrhoV40PXqvIHi+A7/UgtXmB7dCZk3MOutp9ZAvdjTQXtGMdeOuBjsrybwveZ/HUyEHnvPWdPMWFEFbfTBu95EGTPYvDZw/rxpzP0ezYnJqsUP1gdQWIw5oq1sLNWQqIHDY6axddCcCJZ5lm2XUQcE3qrfgMOlv57nen4K4eB55vSzLuhEP+xwfFI7m48GbbcqBrFKcX3td8NuvIrDV00e9nnRB1atfcYdaG+ZvX37c5gaJo/m5S35tTeD6tlwMbXwIw0ttr2Z5deN82fKOC8Fc+Nc2ui44UQ+XmT9vJ6U1gb52pdWKZ01QKWfd+c84F2v+Fq8bS8jGtNlH
__ART__Fj98lYf2pyazlOdwcbDcYtap1w14tfB8fenjUmjfH/H/GFqJZUHps8V4CvHmsfavyagGVMjeSBLb2YgZi197H5mTiq86qsoWfrVIOj6jKXtrM+50WF2wflSC5Q9T1vPczkNSd/CXNLUCrKrRVFR5W4ls3tbLfA/r0TZDrHX1r0p8MdXZ/+xLIfRerilqWVgIBZUz6qEz8tDIbxWYdSId+zQ9A1fZl+KDU1vQ9x+lcNr35fefT21Qe7BUC/uy8eT4O5tfnvUY9Ise9eurx6XGkOGkiQTYMeLszt1sRVdI9mf5qluI/GzOy3O5E1dsvlYr8Oahbg2rTVm/AD3F4wEak01YL+exNlm5A9eiHh7+Tc5fvvhx1rf3XGw0sy5U3FkJkRUpSwP4elHy3NlOJn4Qo0dYR7bb56OptgnWT+oRYH/w+vqd+RB7F3Ss
__ART__JKALcm/feO8qb0D5nNYcF+9m7OwoTo+5347q91lfxsXyoJ38qLd7LBXu53Qv3BYsgf8OSanbq5vBrdi8+XhcL7xMr7WIh9UiVZlm9O3+LczVCdaqSi8Cr4roy083I3E9MMb4Sno5sox3NWYJF8M2jSHRMKsSc+NYZ+QcShGsLn52FZlb37V0H4mpqMfVC7n/3edtQ1YUo3j6rVpcVz4ltvVsO157lz7fvLAU/nkz783bUYdDP0SF3bhpSPikusJaPhYhmyXvjoxUIl/z/ZO+Q/XYFp6T6y1WC9Wh/eXf+ouw7FvX0buL47H43iz6sbh2mA5nFzW9KoVx1vLBCz55WDkg2xAa0oBalYt++b+r8HONb7LqlwI8fFA5r1EkD/edEvZ4uleB/i3RY88dLhSN3xoK/41E5MEG9ohYN0wjd5sPbe1E5ugi7STl
__ART__ZihnfA1wON+EFVoyv++G12PrghUhs7S6YXGzMP/tu1L8XJ537R66wNf899Wlp+loz1E31yrKwTEjF9649WUI/Hph3eCPRiT33VOVaIiGtuaHkiUv8mH+ZObtRDLfLvn506yO0wuV3t2rtxxshEbLBzHrDfVoqoo9v7WsDT9DzEOPEf3KqZqunLI2EpPTt5svL6yEYr8IzY7otGO6tARNpRR0RlXapRoUwlcrsVSRWw+hE+Wbr0RVIIlxisnr1ADBRjmFVpsWHAmvGq+3KMKXTwsvujo0YPNb/0SfoQKsXrA6btrPNDzx9us701IPvQ2bGsLWNeHxle8BOvZdyP+yd7T1aguUAjxvSt1sgKvSw0dDV0sROb9yuhXh63tCaR89FLjIq9t88eCKRjSMNRTLWbVi1NG49oR3Nbb3LL0z/286Yp3tvJLisyFw
__ART__TvTOMX0fVCbtlhdT7MCN91UrNOQzoeKt/PD2lhTwugY9M96ZhqV5GfMXl/fi5qufB37qpyKmLmL9yv9KcfVdT/iKygKYFl9daFGXgvuCTycfXEnFDfFLT6/N6MQDHa+Da/ruwFbgwCqzh934dDJp/d/7HWD15PTKSJRjYevjo79cO/HoztZXx7Jr8aVILmp1Ug1Sptk4hEel4EOavO2AYRH2y0zntz/Thpfv8isqkgugEq2skyXahXmPKuLTT/RCT3HnrneV9Sg9zt3O/FSCirX+t4WPdCBQ9/TvlR/IvG/5IWVzQANuZwg+/LDqFiSe6eWqVXFwrzhqbbhKKgTHxpwMHIqxU+G/u4+2En2Vsu/dat5kzL/VcbKY8I3tlU97TkxrgL3k/oFdfOmwNr209NhRUkffN2+9GVkOG+dZA69/FwOD/r9eLSvE
__ART__ovYKtuS7ekiWdh3jvVSE5zJ9g0F9TYhvYnRIkH0ln972ySSpHj693ZfN/lRA/q6/wTmNenwX+zwWPK0FeUJqz7YdaYbfZsXbytHN6L0hf10ilegR+6NnWztKcOnI7r3cnfU4fLv788GweJxUj7i5Y14glm8K9Wq7kIfDxi1D2yLroXJH7uXBT0nwfiMrLuFah2XlDmGuUZVo4Nt6YMKwAb22X4RX8zTDdBycB7/aserDfw3G/+XD4aTocRl1otsfOHp4G1VD966rgScjH1Xv20fDKyrBkXY4GXG2Hh88b//tGClFonm/bf+dRsjx2t06OV6E6R86hdJfNeB96QHBZcpNkGt6uGdZaSPp3xv62XNT0VyYLOb2pQgBe/y/vOq/hQXDEhIxrHosnVaWbvS8BQ+PnnCuVGxF9oo6rqt6BZzeNU7LCOCiwcim
__ART__84BsMYKi/njXJpQge87K4W+mHbCIuPbt6pwnMGu6/bR8OBsDAi2l84NLEPvr/v27jYl47sf8NjeqEYE//TVmt+Qidp1L6e4H5Xg6kajFSEmALK/ihQGJFpSUJTX8XBWGDpbChpGRFPxWXt71kswxYofWB0cKxWGu1oefu08UY6aTTXHCwgLIFcvlz1reQHAzd9WWlTUInXYswVG1CNsOpH49oluNP5ZjnUKvcrBnWG/bOZci9F/5szttWyZeie5M85Btgr2CYG3Lg2zMP3B0OF+sGMtvSsloylXgV8rJ043q1Sir8bSmb83C8gvCBz4rNEPtUerhTzcLwZyfeshyZRbO1l06d+FoE3YIbj/GvFaDwEEbx+rTxXDKanZJWFuMNvuasRCi+9M/GQw1ad9CRVd9biPBZXX3psf2a2JhFeW6nUn05ma5cyJQ
__ART__aUWpblb2TaFbUHNvrvq5Ng9LLIdPtZRzMceYb7OfcyO8jZ6c+CHUgLsuZf1pth2Qm5m3ZOdgC3oFvS7qh3Mhc8rRfkF9GDLXPho9/bcOwpOBBtFvCyD7546ink0NTqUrustsvwPX5NpfdmlFyB1NrR5+lYFRTmZbazQXzmq9E+MLmuE4rDbRV1eEDOVTl9+r1MB6p7rV9YEOsLuzpOSCu2DseHA2u6oBqb3XkoqE2uERsu6iTEYNqs6/lSsbbMJ/kic30+QKwBP/58svEq9Lt+dprhMsxK0LI/dCP1Ti+cJNOnd3kDp+HWG2LOx/lq47Hur/jx+dOiMVsiojWU0pReF1MorKFg06JJSKpFTU6ZvSEiq0OGSP7D3O3pyz99kyQjKi8Xt/7n7/fD/dZ7zfr/l8vV6+j8fzXQ5z63TBwKMU3GM47O1r4yFo
__ART__8+I3pekykLs0xXFHqx4M0uvkhXQRXj0Z/WOznQ4a4rZPQ4ZCIdTTxCVUNBn0grgfTGxA+VxosG8kvxrUqE34d2spcGHPa3UnfDIEb2acvGIRAxd8gurctuTDc9gnjRcvgDtcOVeKtFBd/ITTk6+IAafzXxIWIiJBF18wXihfDvYjOSY5797DyLo2/e736dA0ka/yE80FnvNxVy10C+G5TUPehfAS8LyJ714KjIdex8uy3GtQvmn/2pRjUgo/F341UhKr4I4taYfuozpIorsffLmlBAqyLZfdzFKArv2y821zBuSNDw3zovm55jcOvp+NhEN3xk4WzkWDxu9x1f2n6MCg82hN/9cCiz6LirYXcyEjeEwJl5gAY2rHsv48LYEdpv9px9AqIHSt2QXD3Gi4cPBrUt3bFrgu+kpZsL0C2M99idc93wjPLodv
__ART__Gir4CNbrrb5xB2aDd8/hDwef5MHMSG5FOm8YcJ/MibLnQvM37nVIayUVLlvIBP16HA7d11/p1ErkQ+F3LW73fWiuvMer/zqOCo9FtkfrFebDDuMAo+0+eSBz4K/E5vhKsPcY9H3qmwo7/34b07+WC8NOapdjBWPhkfzHD2NKtaDTu11zu0kYEFwifP06k6GB4CUZIBUDo7dLFO+vSQUucSs1inYRfBmPMziE5ocosvDGS+xVkPzfuI52EFrn9PT4y/YSOL7g6D65rhKG44/dWXlQDNox687cjUuF5bh29iEDOqxylX+d3lAH7h79/fJdCeB1tefa/a8vQN5UV7V2qgTeN6rraRdRQe9KdcSlnDS4aPvwR7tuBijsq28sASocfLmisfVfJUS+NPD8fJ4K97d8eKe4iQoz7iW3NAVrIMJDfuPdjahPWn1v
__ART__cdcmA5T4Xd/L4EpgYOyhSv/vItBvdWyYfVAGGhHRDClCEfwML+vIMs+Fl4sG+ybpqXB/tMS+XSEBCq2fOL163wD2V8y29x1PgoDTpNF/KqgPbVfgfcheA0ctbQI69LNhx82i/ofK5WASORH3PLgA1lAHNrrplUHJzi6/JtM0UF05tzdGNgAGN60nhcfHgJeBmEH5ajKc7N6s9MMhHvR/Omw26IgH2ZGSsXVQDx2Es2wWbrmQXfGygV6UBV6nlG45Xa6AQ+7i2tNy5dBMW3y+jz8dvMs3f1vOzgaDRxE8R0JjQCj/k1TgsXxoWfV6IluI+iybAMkYg2KgTkZv3qWYBMfOC5pIu2UDpSYvwlGwAPYoJTX/+4v6GU6lqCKxMLiVcYvdMqIKjj03iVZAcxlV0H9jyd4KqO9d/CG3EAP/RBm+WqEpcO9+jJt3
__ART__dQrMbFis+bicDgdubfXJGXwLLx4Fb+FclwBbjnx/0cROhYoa51c1xmVAkXz2FX++AoofGR7jm6aCQHXSzcxnOXCq/Sfbrk/5sGcNiYsvKQ1+ZXndtsFlA+eT91w7eCvgt9HOh2+NPkPd0MymzUGJkFpas7xwMB7CTgWlyceUgzKv81keu2TQxCc46dgXQNcLitSqYAd8mnx+70AHmqONfu5W9SuFr082KI39R4V8hZmj82z1IPozcdO6xSgQPCUkekunDc42hCqHxUTC/dAF40nRGtDc6un0ubEU7pYllmx6FglXFGudMlDfIXhoG9fVtWmQMujGba1cCPS3eAfR3zVg0ybt+2KhAOYvp11di/qcuqWLnLZoPuTFn719YEcx9J6bOGR5Jg8KDtmcpox3QBPv0/2eDCrYKG9/on4vHVYW7YeUNMOgwj05
__ART__/7BgIZgGHcefL4yD3ybtXc0XSiBF92oX29UkEDh5PXA4txxmEi/tyBUrgo+3/HU89NLhw2LY1P6KPDj0TPbPu/x4uNben75ZsxZclT+d4KmgAl70zdTWT5nAZ0QiF18vAb6sy7vLOrOAMmduGfU+A7g9JpzI/6XBJK0+/8CHbJByf9ZecLsaIiOUG2TIyZDIkcm22pwPMYfZh1PmYsBZFTf6mZYJp5X1b0h9LYVbr2wlr2ung47X4ZkW2Xoo0F++4m3wBi7B73h/2VTQFp3zihCqAuFdf0ge34pAvcF+RioqFSLEj3jovmiAX1G+q/P9WRCo+OB96EgWeAw8LjfXbIWPBuNxgRXJkL/Xhms5MA+McszcU/9UwF2rp5o1ki3QHznde38uARLOXHha+L0FhpJNgy8aZ8KipegM/+OvwCa9+EXrXTgsnVNs
__ART__v3M+Ho6XnVkg8NfCBf/jmp37P4NO6PW3BeH5IHOdvyMnIxmuaEROGconw8pBV92IPVQQ+tyut0BMh9o11zqTkiPhUuvYA9usfAgqdUp05O0E3609a2k7k4HNjl4gIJ8D9ZvYKz2cv8C/2VjvJEYuCHuxC3zSTIarMt24j3tyoEqnkk3PHfX/r4/M+T9LAaXY3x73B5AffMclc36Gg6xKoW7GzyxQf+kftXM+H6qlHuok2kSAIB91waDgK7xoiSRxxFTCw8ciZlursyHks/CmpN2NYKLvOWxuXwpKAXZbs/RzQfSiWnAvWwNkcBZ8ejRUCZ+37rz2aXMR7Mw9SHX5XAVFK384rJ9WwVqONXvepyaB75dvxeCbAV9s9t59f7wAtOtuCb43yIWbMvFCEqh/4cHVNfLvjYM/jeei905lgHnt1jvLJTTQX+6l
__ART__PwqNh0Y2jo/pzSVQPXxZxWUmHES/Tt15ZJ4KzYuvTy2P1cLs1p8Naqj/qFno3NJsHA9z7/7Y67IXwa7vArdXeOIhcteEpUdDCVxePmh16lsyWKVrO3TsLYDLOna3gnmL4W93TcWa8kpQVTTv/3EpDUb8howViwugKnq4bPJADIxclHoedSIGgiczr/6yLwb5119lyXo5ULYxY0dBeiY8NelWcT+aAvZnn2RZ92bAt5IGawG+IvgrjvtXtY8KqW/cd7eP+sBk6eH9dxQrQKaSR+aHUR7Y7P9iMBxUCPKjbHsq0BxKXaUcr6Cj/qjrn5bHi1TYz9atE6CfBJJbd5sfiUB5Qnq3sEk9BoRFI5f/rWRBUZCNwdOr2UDMS5co+PwWCp9BlaBmBIxvOqgbeCsQest+hO/nTIX0vi971m5KgJv++GTKTxrkqTco
__ART__PAxA80iC0IaH46/hnsPGma7cdHgnWLiqiubff7VfXS3Op0KYKtHKGM1d/H8/k1+FRIFc35GsoLAkKBAtCzr9qQqOCg2e3vgoCy77vboS9y8XCradr808Hg/HjsY2P3YoBbcaFQd7lSRYN+KZUNNfCEJKL/7KPs2GG9GZ4upHSkBnZJ2+amEb3PM6FbwnNwQ2truxjaO5iSijr3bsTha0bTYVWY/8+buKNLPPKAnVWW7fuqESUJX4PCV9qQXkax9u+fs3AOKFJvW/Br8HfsbMUdKGPOgkPd6IUy8FepJyRF8Yqg+r95KCLmbDLn8lucnBOqje/pe+c0cnEOSPR6tFhkP49PEb4S350Lro5JrYWwWyj/P+DSw0gvXqpKecfwz4NOw0Cbcqh9JPjuuFfzdBZSAnm15dI9Sani38qlIPSmdxvTJ93nDDKIb9
__ART__IbJL01BeOueNMogTfzf39GgZ9HdvGTxgkQkZGU+klS7lAOfl/yRqt+bCacPn5/+pVcJOp5PhfAMp8Cs076GrYSRMSfY9UYUvEOMjdHPCNgJmjFy+58jkQMjLX07Kx0vhu0UvT+DLGnheQHhrmUKFqjw3Rml4GsyeN+u501MDF57czR4SqYBna9TT63v9gTNIrH11vghCYp4J8JnVwA2zu/chKxn68w48Me5G/c4bMpmtOg5qcIX/Vp/FwZkNM5JvDqeADMcC97UvDRC6rlF9WZ0GT68+Ydeu/gKwQiBevFgM5/7afqpmDwSry/MTk4ZJsPzp29bGinjw4BO7vrIhDhiOdzIyPLPh2R/9Gz8v1IILIequPZq/I1M+HlcV+ArvOV+MfozKgXsXf++6dK0OgmpO/t5fkQ7zD7rH3FOawY4U73qjsAFSXPVx
__ART__5P5QIKxu/RN/pRiOuxZbacTTYD31zTX+V5+h2r7/TwctBcqOqjZeupMB62Vb/HPRvNfvwfVO3pYK18M59vx7FA7r5ZLNiW8Lwfaaor+dfTrobn2DE9AuBpdHI2w394bAm935jiOPs8HvZOT0W+86uGDkF3jwaiHcFX1y9/x0E1xWV/Few5sMP91bn7Gpl0PBqIw3j28UPOHc/XQEzcXmwpn1qa/SQPezuMTi31aIoTS+Mx5vAJ/5Gxoi3MVgVxP1ogWyYH2k8LVdArkQGTo9mZlZBuoLdkYNK19BP9NAPBnN2cdUzkh3ZUaCy9ebymf2JYPPdx/p72ge4HHK3DCB+kRV41zGiZpY6GEL+nP7cx5UFhrWn9cPgG/hvvprS3Mh/vumtN29dZDsoCjw4l4kpIVfbLqZ9xWomqWGR0uTgXM8sdVTIw+OHq7e
__ART__pRFZBQO1T0TfZEcC22HC201uGSD9+3th8s50eH2TmNmWnQLVgv8Yo+U1QGmVrp0uyQZhwYpNJ99XAunqnzMPzn4BNYnPv+W7kuDUw232b4ZqoMXzYBJ/wlt4oDv3TXRtOAxIZF+a2hQL4zcjDYzEAoHtybHFOZNQiMTdyrMxKYamtfEdWikfYcdlsmVXaB30yj/fvaCD+voh7zt/rGqhXkNF63NgFpy2lBhYQf6fHtLvCq4uA7YrZexrthSD1odTW0wym2GbcNBG+4AQsJk22chgZEE8IzR04/ZM2DjH5kD/nQJxLrv2RkhSYN3r+rhppWJQju04eVqmBYSeW6aFTefA5duSiY55haCp9/V2qlwDFPh8/3wmCsWrnIfu3UQqXIjP2/9ZLxsmrbSW+AoLYcH76UOXB6ivSiSd3aVaCCsS77sb1mXDgtSR
__ART__LJtnFJhvTgvf/7QU2i0HrrfvRPNP4N2GGsdMMPEoObztTSkIBD9n6ztbAC/YzLdpGSTA8PhKw/SxBFgVsX1qj/BUz0DMqiOMClajuezJr6ngMR1gSZTOBw3lXckfXsSDq0RlmAkuAXQV1+82me2E/sl8qjSq7zWyZOGb56OBt41keBNfCYHdRUXO8xlgQw29fMU/BQSGiuqmHBPA/4anoi1nIgxZ67QI/aiCmRNvunWVE+GjnqPMfmgG9+2qlxa+JENUhM7Ch+4s2NjgtqMuJweEdRRHyX8TYE29QrLr/RTY7mNretwiA8A66Mbt9q8Q0CptFbmvHAQSbtAWtEph4mWu5qPVOtiOu3J60TUdiv78EuE+WgKh/a8e7HyRBHkyBP9L7KjeqIjf90tOgzttO13m3sRC6ZbnnnMpSfC+ifIqSpIG/ie3iB3s
__ART__KATxpQcHHGZT4D2ZX20S2cf+oJ/KntpiKOLVDk49FAueW15vf2ZeANkRx3+O30V1ybcvXPN6MnzcTb99fkcF6O7Xfl3D8wU+C+1Yr9dXDXjS2QHzbXGw45Hlr7kHscBZO+AfN0uFc/eSUmVMUB9NMDceQHWxlt61z1vwK9iKGoW5LKfA2sPPV9p7y4BQkx4Y7pIPLmvu7n59rwHSd+QFNNFQvvHtf9vGmw9He6XNTWpqQLfqvFr5dyp0P5fR+KtZBU4n25NvvM2Hbj7rAOoufzh917322LkyoF39kxxythi4R0nyN8fLwC3f/qHpmxwgNa7c3fJfNizPld3+WdYEskd/X5CKiIfxy43JYp8R7kEo+xexFFgTrDW4VrYM8j4kbCp1RfPvnz2WB44kQqDNG45PR/IhaoFj4PfhEkg9v7T8SCQHpEP1x62W
__ART__o0H717NPckfz4FV/olvJuUg4Ovq96qZHCpR2Bos4mqXCm2FJ9dFoCph4BfzL0suFZoFnz1/WJUMl4fHO52juG+A7cSTlQgVkjrT02ZuUglWt+6OyQzTwGy9Znt2YAsZ6t99HtbfBMd+TZa7oeyd78cJbilS4yPB44Ecuh6NJX9ji5HOBf+nWS1kogr1ts6JcKmlw9Peha7d2obg4rJWWOFUBvQJSPMJPCsDm+2zTBr1QGL/zX04ipQCktztrPq1LAaPqAMHKO4Vwe6qI0wb1OZ80TmwzFqbCc04T63/X8yC1OrMlrikdPk2/E1y9VQ2NVy6UnxYoBlWdJnHbqjK4s8BfvnGegvBA1IKQWwaHtuy7XPUiGQw2lE7caU0F2cUNyV4b0mCTokekOTUViEX83+Wk6uCK03TBYY4k0KxQtmgX/wiBladEnQ9F
__ART__gUdq97uNA1Ww5o2wWO2zOvhXaXr1A5oX44WlI9SF0yGul502r9MExeLXxdfpvAEfU4Fl5Qs0eMcv5/4npQA+vtW2NjmcBJaw5/hEQRqcDKBt9nyeA7iPawrM2CJBKCjL+W5MPqjKmZrWWGXB+fc+vq+Hy2HKTyosBeHJ2c2yDduu0WHfh0nF7UXl8CzTXU5UvRr6DpCIAjPlkPmIqGVNiIGOlMojxc1FcKDmecwjwQAwC5/2fGZRCPumPUsSU+pB5cOJ+S9308FX8KEk79+3ULw5ibDkkARh06tv76qlgZvayJifRSCkpyYYVghRQdFqwGFYrwi0NtvKa1zMge3Uw8594sWQ3m3y72ZyOkR3/cVPo/hwytsn7l2aBtw5V/pMJmKh5sfThMTjOWA+4cBmP90BbD8+mmscKoW5+SuenELvIG+RV7EWzbf7
__ART__xdj9eTSqQEP3A9VbrAIkL9oNBnvng+W5ueJ8r0CYsWzL4j3TAgKmzyhLuxNA21DA0qqgGELX4zN8XpXBQM3BiQYk/xmiR+8IOQtOCj0ReBuSAYsqdtpXavKgplU22045AHxfpMceCo2FnB7NleZX2SC0lnPDV41kgACuowUZ8ZDmOVVeiOJZsvtb1n981cATvSiTsJIMn+PS63lzaGDi1v34P2MKtI5I/ZifzoR9Gny8m4KpcKy4RfiuXBZUh2oaPe/4BNuVuf3qDqJ594LPs45nuWD4WnhN+VUqtLfW72a3jwY556jUAYMY1CdvEHf8Uwlfj21Q0LevAnzMwQNLMbVwT9LE87VnAtBnQkc8P6WDf3TTUhmaz69+/bsyUxULIpVO/POzOWCgcX/7U+siWHvmy52F1ThgH8ubY3iUQBPly6PsmDwQJn80
__ART__Gd6UBzfmp3uedaeBkZ3pt0TNMlht0nF8Mh4LXGxHzu5H9ef3lEwe32oRZDq0lYb1NYKh+y9bxbk68HPbtd3oIxW+daqMumZQ4cyKTEIuvRXMLS5Mq9VQIef2Kc+VcpR/4ULVEXXRIMGNfz2sWQi58n0pkkrxEP3kTtSLsBTgnD/IK3I+AhR87am+S8mgdDh2u+SzHJhMLepPFU2BissaS7w1fnCNfosayJkNaY7fot7GJcPveer2TnUqWHMcPra5Kw0OhqS8wXVFwJqQQv5R4SrgmR+m9P0pAPOej/TqkXRgWHK+pDNCYR01utk+JxkIrrLfO14mQ1OeyJbeM6mg9Hc2wE2qGNIuvviOnd3iMHWnrk46Ehbdb6jbbIuGkDXnDtJD0uDL640cTX+p8HDDLFs0NR0U3yzqxvZWwK4WevCzp7Eg+XT7lgcf
__ART__SqBx1gv/k5QBa3TSj4ofC4efNVEcBePVYNHaFIk7Ww1T0yN7yhypwOXmx/WgPg/O3Ncmy6/kwefj7nPTwskgNmK2ZQ2aXw9Q62+nSqdAS5BZXqdYEZiHnLyuW5sJnc+cA0xtGqFRy7hnQL4azsftVDrfmQVmYVnr/3aVw5uFxeqa6LegqQDT+6NKIUL4yMOerzWQ2nCY/ECyGALtH1zXcS+B+D+J0mGaxWDtv0HmU+kXkKvkYJDmmdySlOsvepjcidsKmRyKxEz1TuZ11WqYef9SUyPzuuZsA5N7MTZqgMm9WMHTznzPSaWauc6D2W4m5+OvSeZz3EBZK5Pz0WJLN4sj9F0L8/0nsyPM3/e8PjK5G/96Mt8nbjerZK5zzDOC+Ttw4yDzt8PZZuZ7LzqYV2KIE5NjExem2sS8XlxgcZDyXmC+Tx1icWIS
__ART__+/8wmPc3nQtg3tdWZelXU8haZ1Gdzrz/8jyLM/SEVhLzmnCbeR+nqMnirjW/V8O8smnVsvS6F8K0w+hj5n6k2h3MfXAW/1hcohp8Hczn+0SZ9qNWS9Uz72+3YHHSrq9gcmOSjgsx7UksP8e0I5nW1M/U0ymSaX+ctgPzNyVZqpf52+cOy75bSpnyUzYusuxssI7Bsv8yi6NTXSCB+bvn+Sfm+q1ezPUYq8FMvciCMaz1O7ax7CW6yPS/REfqEPN6aztzXxKP9f/f12LpVXqfyQWKm09mcbw+vci0P7FSg+kPonMHUx6q1gamvMTrL5jrUYWaWescOfeMKYf5aRrz+fwg8yrx7D3L3lwCLHl+jDG5VcmN9sz4IRpPsNYNf9zGvA6bsPzmbsPiRG2QZa134hvzPYnZj8znxIXtzHWIYmKDrCsfK14Uepnr
__ART__4lb+sDiMtcOZ8UtqpjPtS3phzJQbFxPSx9xncyjT7yRVB+Z98hN+pv3I7H+Y/iWaFTLfY6z9wvQLuX4nS76140z/4pzrWPlyZp7F6RoUynpvuJzFLV2yjcUJrejPzAuS9U+W3YJOs/Jn/hBTToqkPItjeSaYxdl62IlpZ0qXDpNblRLvyrQP5bsWKx56lln2HKUGs+L9PXNd4m13ZrzhPhxhxinufgRTP/IVOivP+EJdmPqoRrD2P6DHtAvxuytTT2JGOAsXVv1Y8TfJxXyOW+Zk5fGNIuY6uLVXWfsM/mStW5TJslvuHSYOMNRrmeuQbYVYfq0vZcor8VKaFcc09VGmHhG5zH1xp3raeSVO8OB82IbZCDzk1oU2NgKeekxQTo+HKvIXo0HKiWtlIxBwwVx82Zo85BrTELaNBPJ3Sz6GJg81bVcB20Ye
__ART__nGPgIPqYqHOzA11wHpwMdCFRNrej7yTODvMpaxGIGhwccjxUX786NmECtf+goHAU4d14F/qY8jy7Cb1HtY3C3iO5xPDNhuFxDwUVEvFkT8HsMwRcSAlGBTL6gS9Yi4D7BXwn9AnEqnA+Cy0e6uqFFo4T+D+GfO6nCWQBFT6SFoHKVcAxy8PQMulnk+Bh+K72YSJdFG9GezAaZDH+H/wVTgv8oVVpJKPiSC+bBIHyic6pTDggMoA0o9aoyisT7j9sYNuIZ/zmDCbgAsbQ68RTGGNgTBnG1FicxzerzUOV+tPIhn5dfMdncZqAe17L5xNOYPClY1SXH6SJeByvILWAwNgmKW+BL+zkE9Ym4M4e4MuOJUisaxXcqINPvCftQKD+XosxR33+gHGMRX/D2Jxa3mN8U7cYGEPs7zRpHzwlQ9DdnMD48YNvYwSB
__ART__krIW41XhX+FT1iEwBH5hpDnW7dIxBAr7GB/jOAEXfhUjktr8BCNYy9DDOF6sizl98K9d+BzCeSR0gobYxgmMAQsOIgHXp4+x5KQoSc/y4M5XjXJI4FebMd7PznE+mi6BaKSCcUviXmEUlecUMeqa0UWMROf9U4xskT0QPaUkrEN3KJ+puhTcDUFDXQLjnCDGjqMRx3dCh4CzE+ZQ5iEL3O3kcMeXZnP4EIhvHksvE6jV7zjceUiPJrrRlqeEMDYaRjjGm/NBjXMjPu0iRn964zKmDfGgg3wwPjICY0dU2YfxE3m95cgmkKZWpH0IuAwVQbkvuERR0nn8lo0YyZPjWYz9SrKBD3ech1phNcJGJpCsz0tnE8i+/phVrLah3UlUb4xW9m2i9jhBwv80UpgYtNOOSCDdGkTmJ/ru4MzGeylhvGq8spxy+KcT
__ART__dnIEiZwIjP2TdFabSiDmRyIVJYrCMEIw643SaN3rFXzOUQTGiwPaRAKlWJAPF0Ug7tTWRklTFsl5At/ujtRy5cd4MrcQMFKgtc8wdsfq0+hbipsBxv5zzwwL8bXOyKa4zk8o6STy1DByHIVUjMc2pl3anSDRZ4juUDWBUxjfuIokk8Roi3CcPBjFrP5mtAVlGmPnSxW2cyAQA95y0AiMs4mcBPxhKYxaKj0O4+Cy48HI/xIHtZUJxOu2giRd/PgBaRoB1+2NXuxnf4by4hrSkRwpjT6nJpjwKUcScLoOaDfRAg4anrrLMZmAu12NRHgvJS+Mv34BozTeNYeROLb5Yxvw/Mbo89RfIhNR3v6HJGFsyMAUGT6CsdyOcMbg1YmcDngJzALkqAyMB/r6fbQIroyCBXwQj3QHgThExaiuTLyYPFb2drME6vt8
__ART__7RgC9a4ZpwJezhFzk9l3FFOkYcdgAmlDAEYApLETi6NtVt5yBMZHLukqApGnzK6KQP16HeMJm7jD0UFgUF0EO5LwvcMYvXPGFEb5662ijfbbhpG14Y5MYvShytacyfhfX5+5488e0SYTyBFa6BnZrQajj+0V5Is5RWAYg7YDgaKli7Qm7l/A+LXOdWijCK1YxciRwuIjOwhkBU+Mhq75KgobCVoZJuBqNhZCEMRHyiQQ4w6iDxjvm5AhQ78g08fv5yMgVAsPwbhdO/XQ7T4+jN+q7w1G1rX2Ih/uJIFSNScdTJB4TOd0wIXpkgkSt7QwTLrbgAKLNFiBVJbIlZRGhmt66o0gYtM8xvZVZyyNYvLG9XIcgRLDpMa7gJdOJlDa+u1QfKyvw3xT2Yzdf+lb3kEg/buAUQRe0kZJQxxXwkxUy+aNUImOcauS
__ART__Ho1jXGMH1bEcd1HBaAKJy+4Y46ReKUYn5u3O5xODJ0kIEmwI5IJQlKNk/ofyOPyVpeplvGo6Rh3broSSj/phEzInI9deGkcgJW/CVPw7jxKAcc1d+wQBt/07xqPHsSKoTMCPO2EkcIae3igBNnViIWJsgbKM6mQiLYenvhJcLiYQp1owHuW0YD73WAJxTJ5PzpBAznK0Q+l35RGGqyofUYBRjA+h3Rjy/7AEFPTnIOFxyvLjKGyTMa68b9oInDoOoOBjpK7lS0Z6BbqgTCGm+6FgY7icwBRe4zSyjECBjFGE53Bj6VWsjj31pmoL48k3n80ScIUBHH4ECesWjKHrGw9G43ZCwA4l344UZFuq6aq8BI4dlRTqvg2cJPwGRZRp1HgjhECU5VWMEO7NB75sTjw1RtCiGI/rEe2wxG/0wXB8Zwr21KMJM0vU
__ART__Fj5lfZRnQhhNV9JdTj/8lzo+C04C2SBVG0FFQC3SgXyajsXRthUUGTi7Kb4TxgTc+RLM2By92kicMBOMpE15slyYQH51zQ65F/d6BH0wmoSFDM8gRoxo3o9MIuGrZ0clMNj3IazEXTbg7MDnJaF4khDK5VTG29lhoe+krI1wrRuPZbJrHgot8nZ3jGP2Jy2Wijcw4VvWJ+DiOrC9Tf+g8MU1XMNYGtWj+TYmoupHixwnEC/0YsyBDV/sstGdOSwatn3DWIkrV+TJ+H5ZjJEw35TPIZFAvqmNPpaIVkeJST29yEeNx1NuCsql4MnagmSUXGfttREiSh2TtyA4dyTwCqMIqJ6JRIiVPYB8QTomi0AA1x+NFbQ5IYz8Vvs+shN5fBlVYor/em+EYgeiMP7o4hhUUckv/2KucZXHuEZ5nHRn8XcujaA08mHD
__ART__CGj/CUmT8JRIQYkEArnIELtTGY81B9ue850wIpBEr2P8wyVHUNGjXD0biTLBLUAbKUIot1PGSxwQDSbgyae1iXiikmAyklxrP0bdO+2ELEw5oo0AxwardlTDvwj4GWFY7hHLhxC0UYX2Y+zzV0/aobxtuI+yl3KUyrmM/1uEVSPBvHKEYPPhfNREVMhIfNlow677fD6cBOr3O6isJZ/BGGfDtqClGQd/SJ9Aefs1Vg7fFYq1FM/z+WISCbjXchhBuaY6AmmLTs5s3B7B7MsEnG2mPArYW8h+ZHMKQhrygRoErpTtrzBrERtQNEw3Y66B9ShSqFRhbT8CNe0xH44TdWo82id4yA+3j2mgTV7IC84m4qNWMfduXYcMS5SIkZbgkQg9N86GPj8rg5HtcThj/732CGPNXElDFiBOl3iTCIydtmhxymYKxqhn
__ART__GIl1Ki23MSbf742oPj2cxpjmHtyUxuFxc7rIdvNEjFfxQznmlPkmDMQ7qzH/u4thBWGPr10MgaFJxxD7zBzmqyvHkVASxS/Qfjglbj5nTgJuKQJFLONUsx2OgNPJQ7lOIdL5Tnwl4AxPoh6N+IsX4S/jliZGY5rfJ5+MpzhhIJbWjBF3hjRjxKAeXMjp5BfWWHfSzy6vjE8N4AzGi3KXoz5C5y3Gry93Q3BjKj7AmsMBjzMVpHETyIP93kjNCUsUmtR/Ot5kAkVUFlUsSsQ+DKaTOLCGMXUeCyY7boRdx6u05fCMLMFgXgJpOQVDVzcL7WAC+WcQ1l9q16BaQI3B80mgcN/8FiN1pvVwUvGhVRiMfVLkc0jBU4Mxnj/SeU2M63XNdRSJuLxuhAoMi22Yagt2mLJeaajokfLOSlN4yJHzZRoIy31MsC7y
__ART__yRYU3cTEz1iucLbIy+E1VjFOwT3OI8gJ1/gxROkUwKI7rwjDhaUqLNh0W+Vn8bqKmIoPZdBDYgER9YLUq4LjqPlI5uc0xBdGxyJcpmEC2IegJjBkGbmKnFCIrIpzrtJ1wH2dFsZTayMRpIzPYKFsjJEhE2f6sIZs3JUjGE/ZJuhjjbqXKSyOvDox2DmmhZHhm31DPtksi9ajxEdj5eAk5pRgAkb5rvFBugpPmhWk8hIkrGwwFuQlLQQqRN8fWDRR7TCNn/ZirZypLYJSqsm8IDUdH/Icc83AG6zCpHGXo/41EyP0x3ERMa5Loy4EFUSLaqRKTToq3tWCMdwEqmq9NtJbWoNjHE8+LqiM8Gk/2U6BQLrGjVIvQwZhA9lKUO4SgQyGGNSPpWJFbLVJkJyK/5iAtactC+UoTj48wIRp34ZMSYw/hQKcdN4H
__ART__9UqMZ8dRPhDPDGCFYF4cK4PDNxFQjOzDOrb5elQrKDp1SEbKgAbG/X7ppCCJE7+3FjmZeKoSYx09/xkbeyoxz23WxSpPkCRWfseqUK9M3FKHFJOgtAriOPG+vzElbf9GLhOIh+wx3/u+xOpVRTbq1oReYXHB8VCeiA/wwdJ6wyhGcy+KDVKUGDm+YC4CtUrUUQ7fdvPZMv5HDLIjxVGZr4OPgKOq8vlwESS0D2Kt25e92ih4ogwxkJEZwfBQQhDV0BwPPgYfnkwT3LgJqZkijQL4/hEkPdnxJAKsW8lYR9fXhNFME8Kw8Ci8xifHQ8BVbfOmEchyFiOouOarYLS/nL85EC5fdUTBk07Ephxp72cO+J9UjMxf9CLWjhYPoAVwrhg7OE53VzUBvxiMYGfrW4zcWFmXbxyB7Px7PgYngUKwRUYjCQRhRPxv
__ART__erUpBIl3wiii/VwxdtbpIGRFCWoCdo7Aey7s1IfZnnI0p/wsQ7OJxJ4LGMR6ncNIohfqpIPxxFJdpHepH2qCydzOfAoIuWV50JJERqU26tB9LnpTCRL5B1GtJg1yYm14Cw1bP4oblUgJz2AMfTboYS257zBqShgeNRiL5zEZvmBOAuPVDkcCXvSkHcrHdgP0PkOuGSuKE3tQAPqXow5NIrKIOTR8k3fAvynFFB/GI8Q5etsObZGhhrEyrzmAgfiUPQZ2KYXYwPj9HxKM6O2KVQaeUW/UfT6zw9jR/wZIK/CQFbzHwhCWfaIhHUifRdBCjBeHOJLxuArBZBQ5HIewSP1nj7VR0pHlKG2WBGkoQ9/bYfTb8z7YfVMz5DAGLVybgaqtLKZhqDs2TfD+KyehinYA87ZFLnaiyFZ7bHra0uJIJqh/e8SGHHGF
__ART__ByPe5v7GQcXjTosSCfiZHViA35geQQF+9xh2ckH9c2l3PHGPIHE9QeKZN182ake+DWKxI/Mftu+NGuxEjtrnWNB0nNcm4HGHBIn2qEi/56tCvldM9XYgkI3+YSA6sxdDnr2qGAdwg7YdhhzWSFxc/DokIq5CBsEqNfkXWoh0dx+yHyVXSRvdEdyNDXQTs6gPJ+pYYsB/VX4EJY5cLnIs9eJazBCl2LBOPfGtioexqv1GEuHTUAUfaTOB+pHCR0NSpMxiOU28jUXsoRCUJ6e289F4COTKn1gByMJYkHEvubBzAsRGR9AMcTBF3hDHJ+hzg4ATrMb+mLAsiOYT6gUXRx/8/nI0LJIfuyHDkQ5uxAq39EM+Bmq7pY5j50Kcica4d/fHo3YA5ykmyODG+0/yncglMCLGpDfiJVYEx23xRGVBZV4CVaAI6URe
__ART__1Syn4YmBnKhQ3eLjk0NIKIRqLl4iUJCKbJDTiXbDee9EULV5r2AML95WFSO9rXuPBGe0qslL4Ks4+ca5CbjBp6iKSUhiQOhShxExl3pgrM6/nyP3UP5laiMk7tmBMpDh6o8QSCKIFzua5Z0VRlxr2z6CZhxuYW+U1XfEUDNEfIsVbiL3PEZFzoXn2MhDnv+bLokaLcF7HLN4ar+oQiHeghcjz/3Wgvl0wAiFF4njNFbcsgjYLk867RDQpivyMRwJEgciUP6SLmlEImfLVmGstT98UbLgRLB5b4sxxuAsU43GadyI4PIm1FHNo9UYu04JkvLxPCQ0kJIGt2JH9FzTw5jhS0UxzGNz5VvegDppC1SMJDwzMIgLfoAV+9Z+rGHeroT1KBRL7G8yGyewcUigCWtzAtU5lH8Oy+AGowYh8c9Ce/tgE0jbCZ+q
__ART__CmuFk+sl+K/ubwZ8+NMH8u0DQLecN9me2wDcf4xajO164b7uIpE/axQO/Zq/af2WDjeiuw6TPrXCcAdll1JIC7zd1KDWUdIGh7ZGGbxf2wGfLl6SsvXpAHWxh25rHzWD8qabhTanB8H5qp6LyNEmuPnlww7R4D4ouyM8uF+8BjZ0dc9phtLBPDG+Oiu6CzZbpytcaOyE79s+iBXvagbKRvdDN9aWwfa7f/+6d/aBbYjgB2JEK/xSaPXZ7TcILlx7ZFR+tMOFXNs50w+dcHRv1pkPitXAbimS8/JwFzyO0gyZ8u+B8NAbOy9vaod3vs+fvznQBFttNCafONEh+82BF+W3uiB9jXchl3cNiM34KFQ7tEDLsKLp4fF6sPZOMWz4guwjm1SkGNUFeqL98wWlnbCUc31mtKYJiqd0dM8RWkFSoXV6Q9QAkM3i
__ART__9HZSmmAoYTehrKwdvDUfr311rQHewCG7Lu1eyLrBm9V/owu8jpVxHzzaBgGUzkt2tBaoKngb0c5gQNBvl9iqa/1w9UXNuhvKrSBzgaqzh0CDO3uCb8Z+7wfzx1Vzq9kDkHlmOCPkG9KDcfKV768KuMR92MH7WCXkSz545J7YCwrBlITH8jSwXCms3T1Fhy9qPRzK67tgqwFfYmtgL4TUmgc3jvaBmrhcX54WkquS8ORweh24Hg4QuMXWCC+vbT6l/6EOjPwIpV2by6D61b9MKXIH3A8TeHjyfQ3UF5fq9r4dABf9AzZzbW0QnR9oJnGvD/wKBGwbbNrgw0je1x89FWDmtuVn/PsGYNt56tKqSAekRa3z1jrZBb+2GMuHLnZDLGHv7XHFWoiRCvv7UbEVbtpprHvfOQbV2lY54+Yt8FWdWzv/UDvYbsft
__ART__uHW5A47ifA7ly1RA1+Mto/0hXbDhe5Shj0srDKxLl2/Y3wSfQkODa9Z3gLm63+j181XwkPwyTUS1EQ7+Ufz6r6wRRK5bRJ9to8Ef6dXtpP09cCzAwqn5QjccTjuXtam9A7hUJVOSPnfD7/mqyrsrXdBxarFX260FBtS2CL6tGwH1lLiA2MxWcFBPUinzbAOLHX7ZK/Ol8L4y/26OcSPUx+V1vhPrhNAvce7iL+vBP+yT0H9KdNgs+fLKWUsasI30lVEVeyAsnP1o2OUh+JLyEMI0++DpGRFxueAmWLy5WhbfUQW/xQ0+LfqUwave3Qs3v7XCaQ1/LccgOnAEbIN90Q0w3r8exspaQItRnKEf2wk2XKWtbGY9MBR8tWPb3TRwYJSmPl3qg5pePvff/G2wEireboni0jms5TVDtAoaItn1lFrrYHbfnm9O
__ART__8qXQYjyuz3GqHvYVmVdM2rbBp/79HIPkVohwWxez7u4gEA4OBK2TaYEnBoTs/J0d0DJy1laypw128S2fkmFnQFxl6ZE7Aq0gn6TQfiqvAYbUl/NTL9GhaMPsAr9QFTRe9A3avdoDV+gfr4e/owOO0EceuzEBD+bmrdLNSsB8zcPvGr4DMGlA2WV+swe+PJX/FNHRBaXJ+ucllRlAUnj7mmtPO/zLs7/yt6kUILpA75QPHV7gbA1UtDqhRGeVK/hUOezf/Gdw710aZDtHfVuT2Qnthv9xbdNpgSMTT9+t/94HXIePzzhWdkDedIKItz+yt9NO1ytmNLh7yn+rsHIfmG87lZKdOAH25OSPP+JaIQ4fdeyTEQMCtwlLcR2lw99UFYNpfDOczKjBXz3eBMlhBlknlJvhC+HTkrl1BSjW3xVv7qbDT6uv3ffe
__ART__tILnkXHD7Z6tEKyr9PQVVwt8PxKkc7CuBuSb3dnnOpphfRDPqwCpJnCRrd3cFEyDLKUa0oL9GJipcr4Rme8F60Kz8z/UBiBZ+MyR77M9YGG0q//ERxTf7tvX9o60AZ+Y/F/PY+1w9NwY7mV5G+QPF8gX1jfDgIba1NIcA06wcwiU32uFoi+Vmwm+NFBjV9OqZ6dBbFhI+lkSAyruUc55zPaCmcD6rx/yBuHRxIyH0fFGGP9b9IByuw5WdFT1v2xpBsOBxBsbe1tA5VKTnOYSwinZHTHDKO8If62+XSuiwz2qmGZ5cgd8W164+IGrGrKX35Nl9Kth+4O5Pfvn6eAq7ul2h70LRuQzR52RvCJTEU7vS1thfFX1DyqJwPB8kFoaQweDXN0A64l2sB5/7ahu3A8HqtK0h4zpcHXfbRs6ZzUY7JLZt0jqhq1R
__ART__ll/nODsgbtPVmaMIv0MXarYfrmqDkhQ7V//LFfAu10Ru699BMKR4vfpjPAS/f87fm1UaBCUH86U+zxaQJGktcpNrQSSp9m70YgeUWNQMJ8Y2gUlEDG3ZgQHkvzHj5552gOUjST1JmwGQNMC/k1miQwRntu2IPQ00lkyU1ze1gsSjB4+//xgBsd6djw/JN4FB6MOe/N+9sEzoOyF5oQEuymj4xp9qhqTc2OgPcoNQMPH4gOuFWpjq/L51+F4t/I1JwQsnNIFa9H7boK31sLFy+OSScyv41ejpZ9P7QSSi+NtIGwPGC/sf/CT3woUT03ocrnTgH2lrvL1pEAR426L59tDg1LWrkbITvRAvFbSNmNoGIjVzOS4kGkgEqGa5PmyDa4ldlkX3q4E8bVqfpTQOy8nGrqPvWqE755v9o3JUdwVO/fdUthKMpw89
__ART__tHxSC2NBvr5Zo3QIEPQou2jPgCzj4P0ZzX2wQynwL59cM2y0Gtq9+J0BS4Pjv6i32uDx+1dpW6fqIbvz0HeRtTR4H6wtKqTRCbk8OexU8wYIuU+QTfjQBQX0pVt//tVD+11c2kpQBzQdqtdkXxyCBedrcQcRTiWlli6brO8Gf9nNazLe9oBswIHr2mi9T3P3lo0b6uCFy5+hNTldEGVYE9WW2gNPvt43lVimgWg/Q87GqRpGtALetQ20QmqoQOjckzbQcxfytfrUB2fu/iZ8Wm2ExxulPl8i9YKX3tHLVhu6IWtFTtWmohfavDnWHDrbDKZSxnc05aqRn71PeYf2ArVwJeiDahm0DMze7nPsBLPMxf3tvHWQqHJtd9sHOswfpOvUr6mBpN0L7VYb24Atm7fMypYOopeKb9BO1cB7F055QdsWGPvg9Fx7
__ART__Jx1UTQR+e8r0g03fsS+BBi3gK3dxP/l3Hyjmnzajh9Ch8pbVYIF1DyiYtXbxcTVBQVT+0xNV7aB9OOuivUcX3BBKMZNqpqH8vwhR/h0QcKFowjKxCW4PJgXLSbZCKZT/fObcBoM3f67ZkUCDwv8yeBLU+kE98eDnw/sHgb7TU7XpNaojt89EfPvaCKce//FXQnVlbayCTodIM9AeH+IJbqTD69vrH69e74NATYfD7j+74JBVQW2XTDVEvbKfC9rVDhNkeRuv221ArW562ba+H/6rHdznvLUHbjj1vFFUbgNOQuijo27d0PjhuYPAAg30eM8IZcU3g+sLNn1C8BBk3fW3Wq7rhocF2ab5K/0wNepAvlnUDFbfJPV2nR+GVNOi6ty0DmjvzrvYXEwHKiOxiiHSA5+a/iknB7XBZJpl+8mQQZg8NJA4s7MN
__ART__Lj6X4r7zuQNeHW9UP/a7A1QL6+uXT7eAtin7mGFnM4jf8trt7NgM3r1u24wYnfD4xM59x/QroEMiRzZejgbqJDHbCEYdLPelDJb40+Dxw5NsOx52A6Hpz8RFxW5QHv5xOPohDXz2tcQcD2gCoDtpHm1thX/rra7fOtIL9bbKfvd+0eBBpE6n+Eon7N39r1zwBB0OqnH9IY8MgWXj89zpD21gOvv8GE9mE7S4h87FNfTAzS6pNYIJZWCNf1Z9glABz3bX9Jwy64K6rYGDHq+64KPaqaY+XCdIfVvb23KtA3boqt/UgTaIHSmZkFboAvbuzH3LjzrAsY2UWpddAaYGW5JbilqBh37dz/laC3DcX/P9QgbqS2ZGNBuJLVDybkm170sXnPK4PxMf1gj/RuyKBGsZELIj0H5aqwVqNUWzq2OR3fb4WL+a6QQe
__ART__OwfntIJemHI9/t+VswPgvH//jsWXdfD57/r7+9pawLto7xr84U74OERg7E6ugl8dv8ZpRe1wuLjjSo9EH/xyrRN3VesAo4oF/PyNDjjPm3nx+VU6/BIvjvBKb4KKP0P/rpDrIWfLrubJ5i4QLWK8C7pVB2EkwepHSj1gHPfgwQVyH0TLHbHu2tED6Zf3bg/Z2AT/BTbkcHV2g+OOkfg9XjTQv0mvNi2mgeflLckcmm0wv5jjO2HWDWEu7Lz6C02gNZq2dctF1N8eqzd0kW2CkeD25jqtLqjMCKo7eKYDKq3uVfVZ0mFSP+XdEdEGMBMxn2s4iPXrKpOU5/0gLq335SF7N5S73aw6eaMVdiZzy67j6QItupssp0s5PB8l1bE9H4Dl1pmcqdsd4KXjq2D8rxm+Z5Ob3n5rBqG/XB7rEgYh0pB/d9KjVtDy
__ART__Fg0dHu8ASam9scbCFaB3fdiqWGkADlf4V/xF9aJMbJ/v7dR6kD1gYfh4qgvEcC/5Gvd2QvLFJnn/lTogbQ06NYj8VB746/ahOjR3aR4glbSjfI2w2RcHlWCgv5NWFNcLd8iV0SNjwzBl7nhKbU83WIUt6ZWUNcNuY07eIyPID7V7yLFn6GB/rCzv1PFumP9iakT7QIM2Yxs5XGEX1A8oOQ4lNUH5jQqyXRiyz8Dl0iWBHvBZCrdZ3FECv4ass4Y302B8B40sktcCykfSueN5abAp543cRnob7Px8RlbwbidQQ4btX+W1gs3iZc22h+0Q/i3/w4OGXohdPMovITQM+i57Gp1tOkBvNaDN+XcLPO+9Mc59qBJGbDNi23nq4Pd/uoOuCnRInUml+6sgf4Vc4Hcpb4KgdsujHG2oXkpf7X8v2wZhzX+Safo0
__ART__4LdnZy/5PgArtipC+JJm8HO4J1hn0QCHck8o7DVtgkJv+xV9hItVmuf25e1tAfXtJ65pBzXDljN4T6PvCKdOb8p5FIhwsC9tpOAVmqeaxRIG91TCEF+kwL5DLeC4LviXPHc7pFlLSRm4ojj90vVINb8TTJ+8Kj9cUAcOVx8PsZm3gYY0nk35cxu4/1dY9Tgf9Tcp3QXVmh2w84rNJR39JjhR3Ty8OtcIc09KMuWDKsHR9rfolnfN8HKBtE7xcyuceXClp8G+A/ZWAP3b/Xag2eSUmV5tBr0vjt6OvG1wVzHtKcOoDRYnOS2KCoeghEOYT1WnAdyEzakvzqG6P3VAnqu0GcoP9rQLaLVCzUm/C+rdXRAs8yiPYkKD7z0Xi2KSmuGi4ymO6VN0cL9Q8m7b4y5o+x7hIMhBB4eS30dCU/ph/5eFmh3faICX
__ART__qAg+X9sJv+rPkkXb6MAV8mfvOU3UR4+2vTsCTRCb87LpJeqjxq3ctn1B/Xrj/dzGup9tcHP85x6LsU7YuEpwKtrRAYZneleS/VtB8+yH9KOBPfCf9sxMyqsmMOVVnJYxrgX9/fv1eX53QnhNXc8ITy+oPXwhOrGbDreNNH6nKDdB5L0/r965D8Hti/c+jh6sgp7GNlzy027gNqsRr2frg+8CApIJqJ6KBu34T66hBvT87pUJcPbCUUX3N3VbaOBbnNx2rK4TBNLW+YWr9YDamurpw3sboC9W4KzCcxpQ6ccSyz/2QNwV8Lj8hA6576cUEw2qQLdv2LC/pgbaM+7+/PGQAXzJVtsPHm+BtAtyk70SreA0u4dB+UqH2Ib1pCrFNngvKnzHsaQNomg0ir4fylt/pRAydzeoXm3m21TQBi0JZE6TXT2Qw6fe
__ART__VfaMBuIvLwfIsg/Av3du11uf0+Fz6rHrtl2VsBy19NDqSDuo7turxB05Ck5Rxsaykx0QGLYvLfNPO/gTpXlz3/dDubWpfFJRHwTvxXPzDJaBKv9/sdugFnLKJxXMvtaDQHPcbt493yA7fDJuA5UG+1pu592CZiD0BwwveLZjfw+Zuozi9s31iIYz1CZw6BdK6XOthNTaO6Xaf7rggK2500Hhfti0I+SdB70JZLkN+Jz29IC+/e+uJUIt+PgatqXuaIW1nYZ3dmRVw8FiutEMpQNkBVSMlDUGoSWgwsMzrQZqt2hrHkV10Jz4uFHGvB6q2C3/01JsApp+xv69+wah4/aSiLVdN+ygqS0Kva6GN9TD/Za6vZDITyOJyHbBdK8Az5aYalie0Tr1EOHNL4u1igpN7VCr9+L6v9Nt0LBMNT/0FuWXybXMy6gu
__ART__//Z9etH5UBMYn81p9Hg+CJvsFjeaZXRDf9CR/LbSTlgzrLQlfg0drLyWDtd7DMBgPUHnyHs0Ny/WS0r4N0LTQ7+w4wnDQLCRTVIQHoBgqf+qLBabgL/0L+PQhVYwSv6xJH+yH278ODnju8IAwS1fMuKKu8DT8K5qyz8059w2Tt//qgPuOzpuPECsAQ+d005/q1G+zT8SPtfdCTt2kL2GXdrh+uEe44OONFi1XYzOtxqE/q3tK5uIqH7cO5bPYdEF//n/98qnpRse28irtd1tATZOFdMtDbUwc+Wk1M39dRC9ZAqdV2kgZF9VfrqlDzx4833kNjfBwyMrw7avB2C7hbqUnEY1SHCtZxdGfcHrIyelLLpp0PHrLZ/aQhsEXmFPjgwfhw2vX1eZTLeCyJW5vLl3bTA7ZIAbFaQDm5HY+3a3AXj6uvSGU2E3
__ART__SKrU040O1MO3Hx+kjM93gFVM74GjDp3wbs+ASXkbwpnbbbsmeZshRLj1+wn2BpBvaNJMFKiDW4q2wXduN4M57Wf5jdOtUNVyzmCS2AZZZZ8lrXNoEBe4eK7IZgS4OZfm4t8MQElib+7TXxXQt1mo/WwKA/J6ntWdJPfD3dvb5PlPtIOW3V+f4z6o3/g0kci2F/V/6/qVXd53Q6u/v2uLfxtwZbudKnlbD/HtHOsKUR/y8+t2WvpCHxxY9LWyed4EblsPHX9Ma4DZWOfqt04MkN94a5GyD+E1Z4qz0pYaOHyvNXaipwMM5Mlrcy+1wuc7DM7Q580Q9SNBd/ufFjgq9NFs45M6qCmk/dLbiOpXyPvVVad2ODYvw8X1rwXijlEoYkIdcGT3JS6jKwy4uS/z7OOdg3BE/17wb75e+Cdp94WbrQNIIjKxo15t
__ART__EDLa0194qweWLB447SU2gOdUWEX9YgvcifUSn4uvg5DBxzp16i3QZ0kQ3xnaDT0a6iTc1VrYNr6j1XKeAddv1ZRkO3UDxU8ypFu4G3alV29O00V9XXUfxzbxetjey7/R5yUdVququBTtu+COAMfMS5MmmLy01fWrAR22vTjWl1zEgNCeT6Zd3X0g+eiH27lyBszNhcSrH+2G24sTQZdK6NDhnL59N5o79uzzP3HqTxNQ+lPkiyNboUfyy03ZTDrQp42dez4NQujJ68cvhdOgkntltxPq42SV3syTUN9cGn+1b/RJN7Dt22ehdr0V7s8LcJzUokEDLsmps4UGFB93yiftBrgr65jP5toAQtlrqrKUGuCX9uBVW61uOHPAkM2tsxJsp9c7bxtrAQ8H99Ozgb3QoYIzq11phEC4bujpPACbP4oPXzqIcEf9
__ART__T/LO603w6PIdI4u/LTAZw6diu64d1ghoE21OtoPZwulQo94WuFyaZyhxuQ9O3lda43WHBtMXfhDHVeggdsvox66xbtDNn5WdIbVAigneQcSmDXT+kxBZT+mCIeGXX0MG6bCsc2Cf68Z6GG69Y7Ijrgs2vanWafyvBfaaHrVTM6QDzfjBh+Uj/WC9NatS9QCaZ4Wl7IfCO+FF8W+x1pQBUHO5ssYjvRU+aJsSArLqgL8kw7pDpRkemX4KZkN4uzh2reGy/RB4+DrsjN+B8tVLQ/zk035wCNxLlXGhQ8TjQ/9u+zfDfs7y+dm3fXDQr8Lp4d0+6Ko/esu6vx5IvSFhLw7Xgp45z2NeNOfXxdF0SoLpcO6wLtsNVH+yBveX2zY2wsHB0G0fo3th08f0WSXUT15cWzxQL9QJIrdu7fiI+rQbWyTUiVkIf2mt
__ART__K8axHcAVeWuTD74fxPzep65bpcEPG5GzjS1doM9j9tMW5dflt1Or/ihu3ce2NpS5NkPRx/dZWtc7IGT5HdeiVhPYd92+Kr+9HZY//3t9xqUftp36LlkU0g5fhCra6SiPrT66m3I9okPm7cXa5kN0aKgQ2nXesxeuB/Jb+Na1wZfkHTfizHsgwzDZ+2FeD9yjK1/vud0Ai2mJr12CaHChJrjy7Eob/D0eb9D8iAF6TZ5xVuktYPKC3dt0ZwNsNUnyu6HUCwHdVvy4k6Mgco767s4wA6ZTY4427euGob058092lgIPBDy8ONEFx/RGvT7QW+GFGN9+7bPV8HWn1OkXt1sg451k0e9INL9eynqUdLQLjkcQY1Rv1YM7n9W9rF+NcOPjaZLe1nZ4TOlMM45H8fJI33sbWzNc5eMK/tjRDtUjUVX4/GZo6ztk
__ART__YGLbDM3bTgUG6dLBTL8kqWRNExCOdI7eMK+CxwvO0u3H0VyFGwYr9j7Y/cp2bZ1MDbiwS8cpb6aDRvlS/qZNgzAie/7yVhTncc+Ls5tKK2EqsVpq7ngXwGP3tujgYUgx6/R+mdYPh9R+hA3cbIKnAeoUx8ctMKQofrf4GB3IHTwHlso6QGc9XrLLvgW+c73vv3m+BY4n7bz53K0a+iwkCG+/dkBvCGXs38laEBtxC3qg3Q2jfwK1woSbgT4znahRUgHUdW9IC2h+vc59vXZiRy2QzuJ7zkvVQc7p22u+SdMAlzFg+sp0CKTSOLhzY+ng2DKW+iSzCrb+wNv6XOyFwNEnu0V2o7kNjyM9la6Fq72bjEICaVD8tkYm7X0PeM3m7FryQvNd4NLVVkInCOe/5bf9WgeDJrrVqVmNsItHoGrwTBXsWR8S/1ih
__ART__CRjTf0NqEb6dctV+/eNtJ9RT3Z/nv+0CziXRO/tvNQHvPd6S41Pd4NX8LXNXXCOEnFf7NoErgdlmc3p4TDeouH7WPJDTD44jCk5rEoagertp9PMTVXD4ycRMa2sfGLIJs9c87ga17DBqHY4GFkdHXhRCP2RMGz++bF0Nks8C4R+uGQwFrvQEorki9aPcw/A+hGNrZSPYdtBhvq9K9cpKM/zTiuhLWqiChVCjKam0WqjM7VH+MUEH4TP7CgRJlZAUn978W7sRcjYNHDy50g/s+ak6f6t6gHaxK138QhUIGG5UPBbdAaKe6ybUIuhwwW0rT3FfH+wXFiOwv0X5GLizoQLFm0r60S58GR2EXs8t69i1wXTN/Y2OtypA+O6TyYCzTWBmu6Skxc6AN1tEck7P0eBq/tbtP9a2gcGeg16CDWjun00+ibuO6ijn
__ART__3u7mqxXwYm9Jdyf1Gwi6MA6nTTfB9oFzQ3b/DcDtkD/XcBLtIPbGQucQVwt8ztG6vCagCQLmGbzlY60wYbbu3wvU7wgcGztmL9IORmYxk2/eTcDm8jUtqiE0OEQXCOP43AXfvH0tPw3UQ9CRjE+1X7qhzWqhPbK6GoLuFlEN16K64r1Sn99Gg52E3+e/762FkwkcvTwWlTD24YLzr+FmcL65g0AT7AZp3k/pO1rawEP18a2vItVAMNW/d3xfD2w5VLtsLNgF1635Em+FdkDHtcGshKhmYNDV27V31IHOOT2XiU99YFNvufetQjNUhH07XvOJAfk73zjNvOqB1af8YzLfadBuuKvUTKkbYlNHnlzzqYPLfdOt3Uo9MPRmaObB0TYQ3dfcM+BJA4+x/K19Ryrgxm2b6+7vUD1MTVBUeIX6JJtbktGpTWDy
__ART__um4nZakX3shRpbeguu1c8t7Izq0RitIUlfX70ftf+CTe0dthA1fhvWi5DrA03XfovHklPNUzToKLNaBpNnpJB83/++eahBsH26D1jNePne1jYLdefOubn12QsfeH7AUiAzgL5R/7C1TB6upa2sngJhi78iRk6VULnJDbvVd0vhs0myXZHkgNwKX1bw+ZHxqGzMsmZrIC40BJPfioG9cHm0K+rHmyqwmqdF1/7Q1uhkCGzet88y6Q3KCV9AD1Cw88DugkGA3CC6Kw5ovJJpg/Mj3i3FwD1dV8l1c/oviVjjtLxvUAvfWN5YRdB3w4o7xHLqcZ7NfI+6w53AT7li1r55J7IWjn3Ih3dBOIj35y2I7yoZn3tdt/EnUQVRB8ek6vFTKWo8f3/aRDXI5FkWFCB3S7ZVbKGLZBXO23vnNZzWBt3Cw1KtIIV+0u
__ART__5M+PtIHd3XcChHwGyOiJFYidaYZrZ8/A+bW9IHu+f4We3g0Lnd+3pT/uh5fbl/PX9BQAbjXqdKFAA3CrLW+5JDMAgeWPevjxbbDVSKdD4AodbDQ3uptu7oUStoV04O+Gd1zbv4RKNAD/P5CQsBgE+6Wz1t17B+HiJ1rXje9dsFm93SVhbQ8UniyUOZRSDzszVRMD20bh8893JXRKOlAs/X55LwyB4vETq+5S1VDrvOBXqVoAyg65szdXhkE01aqvh1oDajI9btyoDjU/SNwlOUwF3091OwxVaLBX+h679MevYKQrZx9/ohe+30hvqL2eBZbcm5LOsaG6be233vVuAti92PdLhTsDzhaf73xW2wo+Z7952L5A+Fkl+o7ilQbHW48GVXjVw24hVfNdD1sg00L+38BoGZz5IVGxzFcPR3/J316yR/P67dBZ
__ART__ikMqDAc//XdjsB8u3hAz9lAcAvc1l9Qf5JZDjsvOmL62DrhtGjt5cd0o7HFw0XyF6uqdiJCJSxMFcOng7LVvt1G/IXd3/CLCz97Ku0O3e7tAZfE2d9qrTmjMrPnPw7sLeKtU+F13D0LWhE7qE+sBePJ557BtLh1Caxa/VL6jQ7H4Vor88gBI4a3SKAsDYEH484Q/oA1+eLE9jmavgYS1/zlOT8YAP18wx86hQbh3aHD9ZFcTZE1/Fva40Qc/K0fr/XEMeHR7yDJvHcq79RRG1bsRkDzofI3TrhOOOO4aKnUpgThSQCnfQyoMpec4uP6ugy0Fr2n1cjQIstpxzberDNotNBS27y2G6nNi7b6TPZB7jiNhr1sl5Hibjzkl9IFY5H8b7gk1A265/q9RHAWuJG0lfvpQB91hmSNz8zSIHIvTd9uO8OPg95ZQ
__ART__uQG4urxi+RZfAn1cvtM1i3Vwe1A+lJY5DIW6j688yGwF/uM42TPv6iC0z+lK+1cqjCfXUzMGGqDrrvVbWeVRWDaLeGkX3gtPJzfFWfHTgFe36Uha1RC8L6leIni1wDs9tdYwv3Z4x7l5Ocg3B2TNCZPP5WrBwMgw+VEUHYih4iLOpT0Qv6T3fbGuD65uUJ73Si+HifFPNcPWLfCDMS/66hcd3kzE3ItsHgfXtPMiEScZsLZvyJERPAgCq2Gj1Zfq4Ye9UPopNIc2ZYRldUswUP/Y2FNkWA6p156D4rlWkFe50MCrUwY+rhQ9XioVJgUHv+E9UN01EJ0MWO2H6oBHPIOoH8Rfv4ULLa2ApdAVoxnzQtiz2Y/C35MOBvldkxePtUFM19zOZycKwM//yOBKTC8IR8xyCtcOwt3gQp4fqI+3ysFtf5kRAafe
__ART__bHu3+n4Y9dkPO6Wf0eEtL9v2/Wgeo3KL5wWcbACL72daXj5ogh++DdcO7/CD9s9fwyy2dQPXm9rdjIIB2KV407VAugtm/k1S5B6Mwb0lnmi60CCUNuTO2zR2w/Gj70Xebx0AUfmjrw6IdMOVSnaZFc1WCN+1Yd9Z1SZQCwCJ+qku4DuT67z5cjvsa7HYuuTFgF8O8zt4r9NBUWNQ8rLKIMzkXJg/3VMImxc1pR/cGoXOss3t/ULtsMl7mCizhgFZdR/rvp4cAG1XjpW7FW1wy9bueRyaS37rlxI2VDTC9VdLE/wCbdB/6FVx3PFKsOJ/w6vEGQ1Uq/7FpzuoYDMXId7nmQ3rPWTE+suHIEDrp0Lsnj4Y4D4zYYXm8M+bFLYruPaCygNuCfXuKuBx2dn6gXMM9P2kpy7h6RAgcvhE2vAI3OJo8FVc7gY5
__ART__o3+UFbYuuPW7R8N1WxZs+jGIPzUeBVHFtpt13jcCp3VIXMZMHewrPSDb9aEXkl1NfXyOUJF9j6opBFDh3z267Gexati9dy9n5Bsa1Lmru/8YKIa+uuaNLUU58DNdACes3QJXhA5dqpfuRX2I41fVNuSXv0BaPTwIr7tKNrwO6AHRXyl/dotS4bqy86NZzSaw4hL8cfNeHwQ5RkrvKOiBNR3uH39yj0ClYG7JakQpCCoN/5dwqAmK9b30i9noEOJgYeOR3g8VtU+tPItRHXzh1vT9RA+MPvb9q/onB+zUP3BMybeA3fKcfmVRPrxflVRMutMFX59qryvtHIBYzrUfXvAxwHVrT26hcTI8jT3Hoz+K5lKn/cIRH4tArWx0/+WIBjhdb0iOkC6HV4mcYaf+a4X+vgYtnaxB+PTsD/et6h6IaZUm8aR0Qvjs
__ART__e9r01yboy9jz5GppH1QbOuWYWg5CWkqS5dfsOmi+6vAm5nkStD9J32PxCcltH7bpCl868EXjPEpQHdC5bhllxtMBCTs2sznnoX7JViDRX5wBfUVR6003jgJFf1Iqo5YBBTGnT3/M7wQ9j5CoIyvvIUjeWZOuNgSmptnXquWaYd2IKM1l5zeoGtnS/6K2Hezivwnv3z8EfduVK9v+IBw9afSVp64WjvifMtl3uwd6J+neWa/RvHnTuFHuyyAo7TnyN5bQA608P3HLM90QBt3OCWxU4FPiqRRPHQTx46XqM8IpUKll1hBwtBIMqd6BKjEDIBHxqYo8UA4/j++Ii+M1OPUfHT4Gx9M2P+2D95UC+wr92qDtbtsPg7PtYGxmmLPoOgif7evbbfejErFTM+F3YTs8kb99J3X9ANir8obtOVkGI6u/PPAbUWnj
__ART__WZbRv5oCT+WD6sJeF0J8LLGTz3EAVsV9Hd5f7gEruwcW3LRBeEW2i/XtZ8Cgb/Pr6UOpUD/JL5IlWgBe8/xjeN5mKLySTxbahEIj79GhHXwlcGKvsvG93UNAjHrnaThOg0a7J/KCojSQeCO2TuIaDTb/6vqmos8AMq/5Ak9BFzSNvRXerTwIc9TjR/x9WuDZBr8k3qg6cFp+oXxh/xjsfV2+g361DVTqnPUj0OhVcfDBx9cVqKW8K7e3rqkKFpv032ehUTPS6Hxa9/AA8Bw3P2N4cAi6Ztl9LlPpQNf2LGDTSAAtC1ma6IVOcHE9dFhwiz8on//Z0/qvH0zFdab3IblMl3RqjqsxoOrc3UiNG6j0npXvljDthZDV1SvGPR2Q4/Od28u4AeRe3i1ar9sLH/rcIr5Wt4KRr1Dzu7ND4H1ux6O6M10gJ9Kb
__ART__9BKN2sOn/1FmP2eBdGNNdk9OHbxbneh6utwGr8Z3bT+jUgSx/fbJ/u4MaJuIfJj7sgqsqU8uGdX1QO3sEo9GdRvMcF8/c/ROBzSJ+GeHpKdDz5UkL7WEZoh1O7l8IIIGH20KT6df6AFiBsVdNpMBaj6pN5UftMP5P13x00/b4cj3a7/BqBh+y9k4UTk7QSOm+7bq73bYyTVX1yyQBi+2BDWte40gvIj64eumfqgSWxSvoWTBg4qp59oenXAyZlNs3/lWOBNPfNT0XxWEu5Ru0cT3gUXrbNuPR8Ng+3iipVirEfatZnZxoVbV2eiGQSF7AxQq1lj1f+uHowk7eEb6O+BZOeMpXWsY7PlP6LMnDYNjmO3rH1UoLiN+z02Ru+FwgrVA+I4uEOJZ89snpg8+/vjry6Y8BJuThfecWs0F9SD6jVlqD4TV3xu+
__ART__4zcGge967tl/7YWm4Oym6QOd8GDjzw87JfMh0HLqs3FyG4zmPLp8PrYVVCPXXXhS3wq+nSnVNveG4E6+XmaiQhe0LegM4wJRSdc2e2833Q7eR0L/3njfB4xRvls7Jgag5qTR9t7IJliu8NCJvRELg1Pqu9gsW8HyUHp3kdNbeJXMGOQ/3QEvTo5NmWRUQYmLUvJG5RZIix5WpHL2gJlS/T5/NDJeEN73yr92DMwORn9eNm+EM+eD/W3utcKM5/l2paE28BIQII3c6ABJvUuCaS25UGcd4j29uQdWFLk0D4eNgLIWZ+qNViqciXMrXkesguLWjHsbJNvBYlup5tueOjhd+ly8hr0LfkHQykR9O8jfddW5PzwEI0+23FD92QGnTSPDNfrTQS9/PzfxwQeIf6cwOI1ayhAifSEW6elFWjwQtqYWaCpyVf73
__ART__mmDHTe1HhZ97oadOlErpaYfJCcfG9IN0CM5r039jR4NNH75/lJ8ZgAr5XZbhqz2gPnjRQfNOPxA0ti/VibaBuJvJ5nVbq0F8ZseEnVQ7JDd8df+OSrc936lH38zjQLzjbtMQaRBO9Z0I8krpA6MTa2b9IuKgQTW47DB3H3g1Hl7+O9oK69bfDy2ObYZtMVF4F0Iv9K3UZ5eKpMM93S9rbzxtAkE3LYeCwkawd+ubO+I/DPX6ulKNMj1w+aTnQI9yGoTg/YStl/vBtlh/17W1DODhIvpns1WD8gbfqiPdNXA8RUHpytoO2FYzosOL8FHI68hL4kAltG97cvVnZDlc6/C4MV+fCcNJqqvjki1wKlPuu/2ZRuDT7U2w9WmEy4r/HdK5WwZnK3Pux4sNQYRg4aKYHwPce//bbc+H4rrs3kOMkEPgpPNiW2Ez
__ART__VC8U0FXYGZAr1yW/0YwOWj8POOlUREGq54xAql09ZL8paUz3GYLzdjVT2ifbQe6vWk6P8AjAjOjD/ulQSBatE0s164BBqrzyfvfP4GST/iC+OwLc3J//l4YfgDORzQTVI91QIqdfGe/SAxeNeCpMCrsg+s7CrOeNITioPfx9j9woFGwq2PF6Ryv0/Lo2N7elD26ts7PA/uRfnTBRIu45DH+uSq7/cyYSdM9UW5SR+sCKN6Cs52YzHOioFi/J7IXCX9YWV82r4IHVjR+P3jVDtvB15QNj/WA5YD5lE4Nw69BQR+OvQaju3Li1fikHdgomfpJF+OCa9epfE/LHbHSVnPlUJ5BEInV+j1cDr6ruydWyargeNNfaXNoJaYN69c+j++GYtXi0elMJ7Ao9fvjTSTq4HgzdNlDTBzFTAg8ebKPBL5W0sSuesdBb
__ART__5PT3mXQmLJXv4n8WUwKPL53Wb3tChwuFLmUWIgzw9I+P2BnGAKun9FOdu2sg8bPb9FalFuC5nLThvk03KC4kKudX5AOum1rpnJIGKl8Y9QzOVkhbFJr3IA1D0DHHfD39XjgkKebkMUVDo8Gy5SK1Ajq7G/mrmiqgw/exiy07HfQb7X+8XiyH3WouDQNDNHgd3OL+/TIDLi/ECOb/6oDk5z5sdkhvgz3OVudbEV5d9+2U8c8DbXm1l1846aCmf+dobWwNbPnRxbUulgEdAiZlW2a6wD9g19q/2Z1gfa7EOU+oFbzYLxcMJ3eD+K/pHZyo1bp1SCT6mlcfSJ9tTv47wQDeNrm382EloO1j4zCa2AodKmUvm071w9Plc5w0nhZQ63JfKOcqB9eyu7m+Il8hSZLmt322A7IIpb/CHrWD6dPXL5T1mqGprM7J
__ART__+UQ9nCGdUz58uAWyJNnKbnB2gEf7CTfRjemgZT7358L6FnAN3v4taHEUnFapwZ/OlkCgxtMjFNSi2ydS6OllBXDno0AbVawMUjnWxMMEDZbXOVmp/FcMGjfoeceO58HuMweKpNX7IPpn5HEZm2bYuvFY6sGTPVD8360fomodkFJzL7roXhfETd+TLRlohQ9rVAZAtRJu3JKbPyvUBTs+pwbevDsEnYK/orpo1VB8+N+dnlMdIGAcIqWJWt42WtFipkk6mAz2FUcfYEDL6d/UgBtoxJCTfVT2IgKybniVdjszgDYtxv/vwgg8TW12ao+mw8MFjwrHM4Nw407lWZ6HI9Dx5oB867UoKBhYci7a3QsnGtSHfVH8eJeNZDSOo7pkvnYg6b8y2Kz1onvUphjuNxv/fsjWBqr96mYPerpgvTaDcJ/QAu3XLnTj
__ART__1HrgTei81TU8A+6IN6119GkHaeWynBEjGpjX0TpuH6DDvHgZ24nIPOhv89Kz3jsIEbDhH9t6GnTuMOr8LFwN/o9Mi9e102HK5i6Pxe4QoCQxhPP2FAPb3ep3A85pEPFnx09jVYQLruZbpCYZELvPMEWJXAVKgp420gHN4PHffz3dKSkAh7uHLl6lgSC/uu2z3njYHZWgrhQ8Dlcz+S/FiNSD6KuJFOuBUnh20rPAJiodHNQUdd4if2jy907/QnXI8oVns97POLgr3OzlKRgPEVu48CeV+kDrlEyqPYUGLTlVb01Gq0FlxPhN52wFDAQeq+Gs6IeGCgfuz9XpcGSoJqc2qBwuHrj+Oqx1FCT+pXIFLqXD0mxCU+6WZsC723/P9+4A47Vfvn8O/wqSMpmCKvPD8FVwWU0YjYA9KsuHX3Q3AaFxezb58Agc
__ART__if9WuIBGXsHbe/cvKVHh7Yq+wCRbGOR87iLec26GfS4PuP98LYLfB+8Ztb1rg+J88+GngpFgsWei8PODNjD6ez2koWkYdkzF3e+NYoB80NUu93/dQHf4kLtBhAaOuam99ff6IVRyK7/clSaw8GyxGPMshHtyZNefb0tBw2vppsqPLngp3xTHOdECbiWC+aGDg3D0TtTmqScjcDb9x7Jv7yBUtPF01t3qBdm5I+t+y9GgRmrA6VRIL9jJc1qcLAiDadmwnLu5TRCzO8zVbFc3nJdfgSXpYThyi/dny9l6OJ/Fs3pqahjGhDT3yC50QUyoxPIXuU5Y/FnS7Yf8qfA6kihO7AeaGL4ro4oGdn8tqW8b6iDb+lLW3RBU7xu7L/oHdkES6Uf4z5E0UFBRGz1gWAKduy+nCC3UQffzO3YhE61wTywiuC6sDdis
__ART__7ot/VswEX+9NxTMCU9CT8KarJHQQ7l+pPSC6swUazGXGz8sWwknxdxIvtvUB6b/T6jadnRBvnfGpEfUN1VabahXf9oKl8PrmmMxB8MHtfNXoMAyp/x30CreqhJMdOkfiEtLAxd88qECoEmzIQ1ftL/eCr+LPF//2NUPX1mt6Sjop8CXpQdf3p/1gIhV1+M/zfvj0PWh4jUg71DfZqSaUpYCVm8pDL9sh4CtarX+K6uJ0+/Ky0M0i6FOe62LklcDnbYnnA85Wgve+zRV68Qy40iK5Gr5cCgdlLhuvJDdBydSWmWO0MrC0Pmj3zrENuI7+9W4So8NrhVbNliPVUBs6/5WR2ALrs367HeZiwKP1xtG/TNoh84t18R/sf/GNkH14LLtB3Z1NIuFOBfB+IyoFonnjZhyvrfO7VLgWMJQ14NkBDfc2CA21NAH3
__ART__ETNvqdNDABH3zTaUVICZ6fKAsOM3sAsi2G+0aQDKlib5o4dGAccZwJk9zIA8jUX+Tv8qIKzItItpDoLsQb86T0I14DTcN4k3d8Lg7jCOf1EdUHkrcWz9UDukfyxYNt1Lg0NZuO25oWWQdGNuq2N9F3jtr5n+fXcYnB85uIohPDL2Wj31BDcA8Rx9i/7fS6Ca7/NHv7Fm8EtJmhfuHgBdyfce/3hbIYntgt+RSwzYYZ8+mLGBAQH9ycJ58QNwPEn4UEgvyvsLbXnOJeWQZSG2tf/xFxD6OdSr6ZEMZJ+1V3NQP/5PMY6ro78Hxrk/GagnRsIQm5wQ39Aw4DmHH24lVQHv4lU9fjSnetvdCB1t7wX9/QHDoh+HUB3LeVofTQN+1cFmf4VWUDS2f+Du1gFivfKObbuqQKa1iuje1ASzHVuETs3RgC/5nhzn
__ART__6R44KqL14q52DeoHT1v8U66HV6cu7gwid0KqNr/Bh+YAkLz5YCxYuwXWmEdfudbQCZE7O3O9fzVBnpt4wsmRJiiWn5o8GNICNWvVPeypzeDOplzwTLwOHN8+vEfGD4FvwWEqb0U1cKY/ptrkt0JgKnW3mugA5Px8Fr1xdhC6ubL+hVFRvu8P2X5WsBdCG+yeydWnggwlNrKstw6OrI/IDG4fhGNVcvY5M90QXtygIxneCb1jXqNkwhC84XDpG6pFev5xHUlb7gWc3wPJg/sHgfjjcFBMYD7ErWX3OKLYAW4vHPf5EUqhX6KkyKGYDoEXbhF3eozC4tqz9vO6ozBSH317W2U7JLaeKP0Q2wTHK0w64km9cO1lQqsQXz+suXpHsvJNJ1C9e93DzOPhTp8El658JexJGxHkR/Mmh5JymumPTqgZDhuNTqJB
__ART__vkyBZMrjcIgMBq9L+xgw4npLTSKlB67qBDoQdIdB+K36f6revSAdPVpunFkHaz4fTvJ6kQnS+kPLwmhO3s+lGXIAzdMt4Z/1Qs1oYJgYGN6h3ggvg1VuJnL3wrOrJsNyUsgfp8z9/rzpB9kNPOxiPlTIsypIONNfBn/6pJJVFcbhGN6pxvxgF2QqJhOi1LrgNC3te2xXF/iq5k/FXI4CQvnS8BFTVPfHTT4ZfeiEPeP/JW5M6wGFNUY13x71AsVDT3oPwv0xE5ONfnyoHraeRtN+D6QfqmpLf9QGAlInZs81h8GS5lHt6261cKokfGTpCgOShef/rfCOgFjM+6BTA00w5sWn/lmgDz4oK9/fG1oDXsu7eJPnm8Fl/uWZKtT3VL/Qenh/1xBcSi6L9tiaBU270oV4NrfBZPQVx0eba+Dvv4Kfvlu6ISUm
__ART__PaHpeT2MdB+VLecehJDY9XFL+mUQPayzJE+pBvtM3rCppRrYi+PnWzNfC0lfG/B/93fC0jqS7v5vnRC+Be7tasuF/W8uPpN/SQcNN1WFk2ie7KlZDj0vPQJzDSrWz3cXwX9eEVNGCzRoP912I+NiF9yu/6gcp1wAe/V33HVfaYBjV67U3SpqhzuHYwL0X03AplOLIU4rPfDkxKN6trlqkP0u/fpCSzP8VXjGKbWVAW//0bbuOzgIHs7pDhfCGuDClQ4Tz90D8EM9fOOSHg3eDlyI+crdAiFXz1llVRZCTsLprp5Xn4AUbJl/h4MBx58Y6B27kgs/PgguiWcwYNl19taGdSmgXR/vNO/dAr7Za9NkKZ1A51GWjcwdh6rxzHPJaXkw5dcf/Im/HGS6f97keMAAQvRv3tlrbbA8lh5v/YkG99hl4Xs1DQ7/
__ART__Vju3ObMItttoRU5I0KD7xoqB8p4eWPv0k4u8WAV83cvhklk4CEVFRQ6JY5nQvcf6l9jxFri9rLY9dc8AaCvSn/jvyoRvFgPH/NcOwockDSEqWt/+OcnHlaMX5HPIV8QbK0G6/BT30pswCPNwTeoaGoXUvHqrPQi3ohX1pXJRnyO7tZd0X5EKnNaHaE+6RiDTSK/zrUEHTD4tsamVrgf8HUl7bttB8FPGT2wlpcDEVRntXJ1BEF0QPaOs0QEKN+9Lm28eBrHk6j/ndreB9AMxoxxaHsTYRX0cWtcCoRcP3lW1/gIiikVSj4cSYb4hss+bswJE9BInzNAckOcU9cz+4yA4ZdwrzKwahI9yH7jpwXS4v5ZbUZYyhPbtMQ7qboUYE7xV9LFyWJq68DBAgQ5777zYf+FZG/Tfbtrj6T4C4/RRgTWof3CeNYsf
__ART__Pt4IBbxX6V+cy8EkViKtjTIIJ6ySs/p1E4BmFWHIrkWHJwecN5g2dcAV12FcmEEUNHxIeDGvFgwzEWvGX+0bBxwhbvt0Uiu4O+Wl86M8lhVLfzYmwwC8p5Afh00BaMu9oWSMtoDhoVc7zstVQGnkfYJG8jA4XnrzM9K0GFYG3Pq3z4zDu0lb7Z4PVdCVsmoZPMqA10I4kRXBSthS+VDemqcNqtL3vjRwqoa0gfY7MgmtQNUYM733pA1ct3/VXTP9AH56hpuMylcAvja/ZICvA3yXu/3vvRoGP4OWG6ttheBWKxMFEe/BvdSnWIjQCTZrS95+gkx4qmM643KxFeY/dvyIfdwEbxZu+NNK8qGzhJjyuG4YWgPH11crFgNvSufZm0YjkBDwIfzv4wFYPUIZ3iGbC+esMzeYXeqFdbdy9Yv98uColnWjzc5u
__ART__GHdv8XSfaoaceyteU1FNkB+Z4yFWQgVqrYpTR2w/TIytJF9S7AbcxkeerWhOcLsvYXZmpB8c8CXW5ulDIN/aI/RbrQrOfCnrH3heDlpCx2bjB1rg0c3EMfd1vfByeHmLGcLz4aWdCo1PCsA1NJ+WF50DknzWdVHpnSCwvJNgb8aAKRMpylWvAcg8ouf+7zfCpdfcDybvFkNxAtyql24Hl23vew4uxEF22e3T4RcaYKagesrYtR/acXek89+2QI/8ogBxvAVeuw669tmkwY7LPhqxZ9F8m3NHcvR8Bhx03rasG04HL1PXIwFeTfCZdCJ/2OAb/LS/GzVDagZ5s5g1lk8q4OqevHv6mQzovNvxajCjHwpOb7bj5e+HzK1CzZylqG7nlI119EUi3Dz72G6qFXYGbV8IqKXB6Lu8d5ul8gBX9M3iaCsNdofs
__ART__/hAYWQHtC2PdxyXRnFBZi9OtagWBvgOz2y8PA7/TlX62Oz3wI4P3VKJGIyTT1K00BBlg+z1PxGV0ACR1PfgZWVWQ/nNYWSx2EA7f3XUybS2TcJJcteaXOkZo6cA2zSIwLcExCS4VbGax++QW8QkWgakC80ocdfiB3accOb2EXak7H04yv3v4m0lkKVFvt4LdJ/FuHmMSWj4KZBJ+UiR0FpjrCbxgvk+1xv1hfl9CY+6L+zj7E/uNU/v0jfncaRPzPZKeO/OKa/GcZ75fwc+Ugxp3h7X/uRmmvKTb/iw5lOL/YvclLHl3s363E5jfj+ImWASeDVwsYtP9zPskz6us9a6EbmTe97bZzNSzlpf5m+H3k0k0SqoRYxJ4MnRPTzF/5x5grWfGz5SXeN+TKQc5/i/LTutwq0w7/ahk3qdKkmaY+ld0Mu3AiBhm
__ART__EoNKCNqwCEZH5b4zr10s/RhSRb+Z+hkOMuVhuJ9jEqlSen+y5BUtYq5D3RfPtDvO5tk48/nJV0z5cAQf5n3G3BU25jWGm/mc+i6a9bzGmJt5P1+ApfeZ5X9M+49WMIlLqSrnWXqdUWcR/86/YNqVmJ3J2n/tZabfGCMzHMzvRy+zCF2rO5jfSbQ3rmXK4712E/P7kS6mfyiKmuzM9wwILHkN7KSY+2hOsAiTg52Z/iHOPmN+T3zIPciyTyLrO7k6FsErNYcZh0QpQaZ9cR4vtjGvjI+s+LyrzNSbKLGeGWekmErmejhqK8texVNMu5KtLFiEtFEirDjaoLuF+TzsAjN+iVUL65j6hNkz5SUfus/Kl843zHXIEe4seZsOMJ8TLUYFmNe8ojmmPUv3svJCp/UQU36LFZaeQidYdrozyrQr42wR046UewGs
__ART__+FG9wdpnfytrfR63NczvEzlY+vYwJJjr+Ksy40Di9hWm/4hUG1Y+xcqxiG0Jdsx1cevtWX56v2WG+ftkI8su2o+ZcuOMVZnxR+rfz7QzscOWmf8MDwrTnhLrOsSY8gatZfqRUXORaR8qewbTzmS9BlYcm/1g5inOfYUlxy0Z1vsDwcy4Y6SrM78jvw1n+kPighgzzilXNvEx90/dwPQvQ0uERcCb9GUNyw/7WNeGHCa+4KS4mN8zVNYx45fyxF2Q+ZxTjxW/K11MP5ISV5n7EwsKWfla+h8zL6ktx5j6kw/cYdqF2reGKR8RR2H6hezhy5SfZMDGsm/fR+Z7xAQn1vdcEiy8uubDypv3g3jm8+2uzH1IFHuW3o4VzDggH/+PaRei8S7md+SfIkx7U+UVWDhhbMaKm9ZrTLuTHoqw7PfyIctvhbZyzN8p
__ART__cUw5qV59TAJrovB9Vp5qdzPXIW4wYspL7Jtl4iMuJJkVXz3LzHwnXd/CwpdzL1n5mFzH8r+/CtPvuG1pLBySnGPpc/ASMz/JlGzmdxRDDpadxtVYxMsv45jyUnarMesJ6VUNi0BarJmVb7xBLFy+rcaK3xfSLPyoq2f6kfq3h/U8h4XP5DUvmOuTb7Qy7UTlq2QRXq93ZtWNV79ZcS7qy4rXEllmPlC+lAyy4mua5bdASab8uO8iLP9+ILP07HzByq/4BJY8EhEsP9W1sIif34yz8i3anGlXnFM+cz0iZYmV36+LWfqTcpnPSaFpB5ny4WpZ+ZBcy8xbiaskppwSI8eZ90mju5gE0hIJ51nfZ6swcYWRY8ck0qYQSEx/kcUuM78nXdzIqn97+5h4QbTsZuYHrmWRk2mf8RdMvRn/dTLxhXhyjmXXoX+s
__ART__ehM4wcwrsl4qCzflJ1hxw+7Gwp9YRyZhO+NziCTz99Mhlh8sv7P0Hl/LqrdBc6zfXqeZ9iSZl0yz9H3D6hcCX7Pw6MNu1ns/Z1j5ds2ApbeDA6t+D6Yyv6fyF7Dq/m8WcbrEhaZpVv4Os3BZevtW5jWXjykn1TuJhaOr4yx7HF+3zPzee4oVJwcPsOqTti7TbtTRj6z3t15mxh+5fpIl5/JfFu7YW7AIzTmEmd9LRG9lxZV5OfN90gknZh5S6VuZeUO2WmT6kWSlwbQjaZqDpd/8F2Y9x22fZMXFsWnmehTji0w9SGqlzP6CUSXBws93D5g4ST0QwIo3vjamHuR3fUy5GTFJrPocyOofqOd9WYTuB9pYfmzbzcwDBhuV9VxqJxPvSLxbWfEcmc20g4TSNDP/cRYrTP+R2h4x9adacLL8wz7DwufaVywc
__ART__6ipg5Q2NjZnH1KUfTD0lrlBZuK5VxbK3DgvPGdM3WQcOBJew7EhSZcYtyXaIlQ8X3rGeX2tiyV/7hVWvnd6z6qkKC08ZBb1MOSTmbrLiVWUdq++z38jCX/pLJl7h+M4y457IN8i8T9mTxZLrHYEpJ+VHBgsHNuWy5Bnr+c5cXyNjJ/M9mXYmLpIvvGXhcv8oCzdv3mP1p4mSzHjEubFwhqigycQFHP0ZK08vTTP9wpCZYfqR4RDPIszfeZTVn81eYL5Pev+ZqYdE+wATP0i6L5hxQzapq2C+f7+P1Xc56LBwv4nAigc5GSauE/N5WPl/pJy5D86gnRn/EkK/WDhWcZSFS0NN/8ePIJZee8icLFxbxzpAwfgu074UHV2WHi8rWf3qDaUNzO8O9rNwlriPlbclTWv+b2cW3p58xoqHh/YsHP13keUP1b+s
__ART__/Ps4yMKT5RomflAvRzH9zdiktMTqx76y3vd+w4pT+6es/Q74s/bL0WX1Zzn+rPqiI8/KY8eozax8ZDD9TT7+ah3LzqeHoViCx6t3VZ2NgN88yEHgIe3l/cm2kYea2f6dd5zAQ0x++wv9JGYLrePYSLiWu4B+SARlcaIL43PKN4xGn9Q8hnHmW66gFyhZ8hwSPNQnQWxswjxE7sK12As6ChvRhRJweY7tBA+JN7wHfUzyJ2Fk9cTHCePYK0prJbA1PqzDCD+Lbo5kE4gzypwOeAF5DrQO/i0fmxwP1er1Xw5D/KgbRzIP+Vk4xvx1oH8KfUa5JshB5JE4LC6DCb5wZJpNgcDYf5tDgkAequTo4MHRtCY5JPAiiRw+PBSd9DUcG/FumtIbechvn0yjf7/14VNez4PbHYFn20jACf5GO+K8+UfRD6IOL8bP
__ART__bqDHSSIMVBOQStSngTimoKoYs6MhkzS3+RZGrJr+UTuZR8JkWggjVIz9xxbDQ1xoGkSLUKh/MP5D/kyMftpsjOMEDy7m6AqbHIFkxo6RCss4Y3ya+SkcVTzElQMDbEQe0vTsELZJcRtHMIGa7oExQKqrYISUe1flqXgJaY5gHomXX2TZFPBEnLwwD0mstQM7meDoDW6M+B/qOGn44MOcznixO7onCOdv9mO0/yZ3ML71zXqcDPzbAxxUAmPwCEYe+MhFF4f/HSxviJ/egnHK1VUjI+HOfeJhO0HAJb6UZhBw94AzBu88ifGtrylGlvj+eFkSRyAqHcbITZu3YLz682sxrrlffdp+BCK8R/8lX2yRxuHJOfLjBLJvP6cy/s4zeQW8gBdGi/jcbDMbmUANrEGi+MZjvO7rHyD/kX5OtyJBcTPvpE8QGK0L
__ART__HCQeHOH3DzY/AuNcKbYJvwrGUBvazCHHI2Fo8Qd7N1ZPW4FAvtIhvxG/1Im0/miKxQ/trbQCEv42pwU+5S2HAg91owc/mzsP1Th4EWlFjJDipOAPZGJUdZFi2tkECWNeOzkCueoEin5KynUONmSnNzEY7fkfNozSXJaOEaF+mMLoOicGpMcJVLwcxrC/cw+ShLSrdhMbETkW493GLSkgI5MH72BMvWeMkH0pb9gxAvZ/j7WRC+7VSyO721NR6JA+GEgH8+BavSbZDAkSF6OQFYgCsdJImMEJbx+CRHAoRrcXfdUbqfeZS5pIIBOzkOltXoygzUgjezHC5DWvsMD5HIORwPY/wHiO36igbRgc6zmQG0y6MPK+rwHayQRyqBS22uWPTD3aMWryWweR8yjpbzh8CFRfAgozcpQQilJqzAdOKj7XQloZRfpu
__ART__dmR7yjtrLPyu/MbcvzCJcZ1+suQk4LffwMjkDzBQ6EuINUqjVzRpGOUpbwTGKx45aneCQPV8iJGA/m3FjlNwa/ZeJhCbhjE+e7EQeQL+dJLuOJ5/GKNW9c7E6F5dUjgl8N11GJ1vXBbGWdnJSSCQW09jrLc3GjgMeRh/XwmwVRFIyZocCJDatnZhJ1hcEOaI4cGJ7fqt4U4gLStjJy6sL7BjECS2bNFG7/pf9M4mULNvSzsTqFHOGB/o7W+cG/HJychcFIaHHdphJMCbwYOrce1mcyCQKC2RyOJdRdg6lWu1aQTy+mwkHNnODfmGYjiMMqGpDztX4/c5aUMCzmorhx8e55K4jM93tUMxd5PIGYw/f4fTB++dyqQkbNG2IBADJDAuZt5UaR8C8c4oZjEzKYzIUGhOPhjfVIpF1MC+cmWCRI8ZllLj5zDi
__ART__+epllBPUpcO72dD2+qV2ZAJRJVHah4dcLVvFJoy2/mdHIpAOf3m2jL/FdPi2uwiMyNKXMfraP5wcJAL54FmMc1j4AUJk3I/boij2SUF5WOQ+34JFguZhafSSnrzdLEGiT4RjlsBIHpc+wcPgT+ZCKcAwG8XoRteHYGHxZj9G+r11VyQDT1kb60Ag2n/GaMw9j1QL4z9hBKZUWz9plD22S00onokteZjaugUY3eRnF4yw8gQXQhKy0HtMUFwRFhBssRj8KLR7I6GnZlAcSvAKYrC0xIfRbp7Jwyxh6onF54g08iTlnLo0CpJnA9o4HvIddQabD4F8AaPIvFmAUh5n9EibQWBkVHmjkPAFrBCpLHHGEL7sWI+p8reCz4dAIC3Oycfg56UxrnvPZG13Ao5QWS5MkHBCNYJA7IuQNsTj0nQ7CJS2Nl05/J1d
__ART__KBPs5jFO2Bt3ORCMDYVi7Nwfz2srE6gppzDxUk9yyuENOEaWCYw+S45sHmqGFi8bCt8ZBY5lAmVkBqN65ah3wA9exShu7w1zJuMvk+1wBFJBAEcMgfQ9gJlTFxHckS5sww42mDiCwUdmD/a5Qx0nGd8ZjYIAN942Y8fA55zEwuJUPcbburkBpT6R5xlKboYUDjkQd+whxn+/flWbhidrvnLHZyphzO9DQtoIOL8SMPZTj3n0pcQaW+9kAm7cGjtpwN/EDn0z9VyawUNcP70BgTrpuQIWtmESSGGqfTGGC1+wUzyoj36j+0S/4kgLPE5o2gI/9aE6G++hxknCb47UxhFwtzJQzB+lcnbgReswTbbZIt0ohe+x0zgMc5B9KUUBGFOnV6k2gsMrlzGO8ItFWJAiWxgSSKXZCE4oVp+0hXkYg3RJNiqBbJ7N
__ART__qUBQllbBKptI/zCSwvbAFuzwHKk1GO6l/+Dw45F4KjCDkoGoTkN6Eu+pSCNQ+/0d5WCtK3IW6REd4xw+mC0vjF/zBoNJ12t2zjxUVZlelAsSrb8xMu4QUyQFhWqBHXBxVBRjahYWRtqTDI9jGNtpEIlkTD8vjdaRmLBD8Vx40rsKpdZTFHVUGQ2Msn7rVozW9nEDqj9OeZHIL1pxmOGmG7AjTC4RkPLUo3uwHFmzgB1zge9EfqS67EXuFY5CtqM+tIw0JDCKLkUipU3WYoTvewYRQNLSsX9qtmAkyQnPkXkkTtSXI5FkMFJx3MsdaHVylSXm9ZSvuhZ4BfNqEl61TJuCokAJlRDi7r0ccnjKdcEObgK5dyN2vMjpZYw++72FHQr0OMFZHoJEsRFSnsSdgSyWwYmAVsIhlc8ddQG9ItjqhuLaKMmVO7CT
__ART__euZPcDjw4A6zF0nGEIizI9JyPBTO5llrpK3kIpaARTXyPjgQxKE0cwtCn1H8wzGgExfBWOK3BWEnz2RvwCiTp8PQHdwBF8zeDv9hHqBtQplNvbwT69eufMCYl+cXMQ+kdz+LwXNFYM6WUMCSfyUQOzhnmzdW5KAcRT3pwCvs8BNeH2QphqEFsjHpwZVIlDF4azobwoPlBmz9iDfYZ+LLaE1c4h2sio9ex4p1tZU3iYD7+FAauSbHByPO7V7COJevETFqc28Xb+SPDyWoD5AQT9BVxhvjvMcJRMJmZEOJlg/y7nj5NeUIN9ysEfDhAkzLUObjDmHH2VBubcD8rMyDqbLOwJvKQzH8mYsaPnKLAsakvC8NI9ed7cWCpJRHGnVs/82hRak9D1HnScqb2o4gi5SYi9F5s4shq1OvnWrBEL92GKPfVruEEfHT
__ART__f2D5ZaWPSRq7FatTT86ihg/vh/xM0vFCIE+K+mnnTMAF3MC6uti/GBfyT9Ny1Ii+a8eWoZ/HWKyPFmHFrf4cRqMto1mOCsFjYeyQo5w0BEo43VxvtFXzRs5ZvKQL1qFU7cdYyqlpa7Gv6NiRPER2ZVROz67lU1jPwxB6sxNZnVyki9EaW/3VRiXOQxQJwWgX0UaB4tzAaYiX1vCu4iGvFv7QQKh5jxqJaklwNMpP30HMJbTLmFSGTlh1tPyElQlaFAcGry1Yu/2T3VsOT86N9SGQ3vzEOIaPHkL5Q/4ThCUU/zHsWBMVR+llHsadimKObPzBz94+eMYFwSouAvlfNkbHLPUag/A2B+xIDdkglB7kWVE/Tvyxz+Woc7Heh/Erf8nG9l44g2xBzRLD/q33E6PRntPEaI7v9mCN1Gcd7HSbrE/yOPzuEyi2
__ART__GLWJKKpw4uXyFLyhBJadx1ux05HWJEciZHatQihLDHRkHpGgIyjMid97AOOXvmuGMVM396JeixFGFmFDVU+2SxqZlOqMGqFGOUcH/OElx2TcuWcoHPw4EL4uliEYomgZ61Lw7IsIM4hJy3zZmwjU50EoOxgBCeUSBAlqF+p6g5Ix0MmIxo6SctHGeJi1vN1/eqiTLc3YIWvr45yzMxaQf3Cb65FjExBnVr8ngmwFdR9zz+Z5mwLJek+La/g4MCylGDn/jUF4SUgD3lMNrDozEiq5iaDvOXhCXngK3BK+qqwbGYPM0u7O3UUXoO5BwE72D9/AjXwiju30EPg+yIpo6zoJgseIuozQcYiycF88/c8UrDhMxfqUJ+FV1+KXprUnYOypnX683Th0d1IDOHim4F3Cd9dnCWNwaGRPQ96To8Ct/vbUrPg4NHsV
__ART__vaITDEHf7RHplvJFcI7zebWHbQrELM/ES0aagNx/0qlOBx6CdYv6J9t19tD7R02/ffMEDCiFBFGv2MDzQH6rsxo2QOQccBKOHofPzrvW8unYwcmiw2b/9TnAUcWSQ3vnbEDUe49KCmkYujs+bK9ZOwjqUlWRm+tHAFezpny90hiECM3+qz3yDTa5TL+SyjCBpx9PBVwOGYdPR/R7A3oMIDf6v90Zf8xAYCk05uhxNSg1uKBhIagHnxISVJd3j4Pw/q/qvlajsPu/grpFiSmIz7z+sTd2DNKSN/8NXtWGsw9ePC+TdoH77WoWFQMNUFnmNlfHNwpZqWeq2nFKQOEfLneRH4avBid23z4wBi+dUkSeJY9Bpde69s+Do6DQx94YZq0Fl+/xTSmoj8MpRx3XfMUJUD51ZlehiDU8t1JKD9hgDz3H9W9mvjsF
__ART__G7k+3ZjyHYYWU6LY20HML+H+cdlD8NtCWV/F4BLMm9vuWtk2CX2BnMWSUxPAFfqXxx4uwdqEFRxZewKeG/oZ2E6OgRVdKmbLJTM4fuxozSNPS1A2sbJVDByCNZsSzDZ8MAFH+uXd2XsmYDSQtOn6AzfwG3AoIN4bh416pgFs+x3hv17v5N9vTwJD+F0f9x8GzHkmKF02PgMWJJWUb8EjcN2djSFgfARm3sju3LXWHA6FvJ1/u94DphSkbl8N1oZnWc8019mSYOczexfjaSLMbCRvxgtaQuHJ8OOdkr2Q5d0/0jBlAveddQc/WI7DxL+nsuvrjOBCfAvDpsUFDtDiQ6qnR2Huyqezyu9tYGFH7cUmy2+QZMtwmNxlBJufX5uTJozAdzHqBvcSWxCavalgr4z0qa/RNhy8Aj8ithXwZB+B2lX2dQ1rx+Cu
__ART__WoPsnn9voQQXaZfrMQbL4aAHeWMwuUUY761jCo8PDYRp8BmBc8TU6YcXJ2Baht+kQsUGOE8oTrLvugx+ghE3vDdcgAQ1zdm3OWcgpODk5K6Fm5A9x9dUbHkarox/+eK9HcDxOBxIfzgJgbQ5yS3qXUBsdmm+lmoN2n7Z9GgHM3iwX6FZ5OkUfDVMrK0NUIRJet7eea5xSL2U+QNGJmH4jf0TnjpjiIqXWQ3/cAqUfra0fBc6CXa5ovPlUdeg2ziJZ91/I5C79nh255MxeGygucHD5CwcF9ykmJ05CP8ZyK5vu3caVOlLMPh9AlqaMrfwiI2DSOiT1dtB30B+3MrEI2YERgw8vWw0LkHB0nHRtUZGwOjeH32lwRai9yfwbDozAP+C0r3ET4xAUcWOKgMJI5BJJybgvEmwYaksof2mEYR8yNj1IfQSHBx8
__ART__Givl7QjWdRxp9/vtwdjs50PHVwNQkR//rDfiJjRX2X/vM5qEt3cX/j3LmwKXMzcsFmjnYcve7Y8J3Kfh30RwX+bZiwCaac0PP47BtEN/fI7NOGiubXyvVTMJNX+bM93CAQ6+dRnnlEJ6ntV26lK3go5LP++n8mvARATPIWl3KxCxuRzUyWkFmUqJi/v/TcDjHhHF1xcmQYu9aD4h1QjCvkXeU7I5A7KBHpa7jMzAodWIa7pkGl4mZp5//sMCnKznFAaMrgDP7rhOA1ld2KW37npQ1BQ4XEnc9K7KHPjW52ru57oE8GAdL61wEtSepRaGPhyCtcdcUvYgufHaXlIFGwzBkPbv699lI8jdc0HAXvUkGN3KipFyNofqa4v3sw45QG0VnY/oMwp+5puFOTq+Aa/j0LMco3Gw97T8Y+R8BrL3Ht6922kSUnd/
__ART__09701xpOpvpuck69Dar2JqaBbRPQ2FieMCIwDoGf7nB+s+yAo/zPdQmaSmD/oW/U6kc36Lx7qUdyH4Ea8d3pRZKXISotM9VIfQqo+zn/ej+5ADMDvM2fRDD8fkcaMDEFJclupa/BE6C0a4/hAZFvMFr3te8AWl+tT0afOnEM9qy7GKpbNgxbqaFh0Wun4M218AuRihbAo2r4UqNvCmYd5N4LjZqA894d7mrXhqB+Uvm+7P1xOCnnJPXq2Dkg9BWfC8k8B6vr9R9oNYxDzbHbZvnPhkGuXq6bS9oMEu5+kp9wHIGc5w5D/gcYIDI9ZbHhylV4c30mdf8gqjsljPXhWmPwQJRD87HhBNxsSp/ZVz8J75s7B9SjRoHr7ry23RdP6NKYbv90cASUeeQlnqwQUTyUHwpfawzPNc/90KYOwulS37SJJz0QGdyo
__ART__dJrwDYqPWt13cEF4muGvE6XTDqT9R7+Yh2nDkXWbDmmsNQR17gVZAQ6EN50tDQLUCfj9Wke+9L4TXN97/2alihmsf252pkLkPJx9pzthRxmH25nHukKXJ2H2t/QdWcNz8I841Pd6wAKIjjjuVR4SsPetu6FGHYJySY804y/DsP3qBZ2FDcNwPLCsdG3ZeeDSVXDZ8HQSsuw/r9nW+A1G/IznMkiHYJOy33+6Zuh3mX6jrCMJmq58CgiT/Q4d/ga2jm5T0HLQP8XB3hSI/tsNM14MgHXDlYSnbuPwzt5WQVNyBH4Z3e8RvPQNYth5RJ7STMHW+35391YDkBW/ZfHUexRm7JXmn+GmYZOqxtqP1mMw+/YO4U6TMwh5XVx+iuQNzVfdzddBBJd46e+raWOg2PSd42mkHphvcDY8yjkBqZsfiV1KHYQMjl8e
__ART__q6tG4KSe/Mq1wgyep7reGTI3goB021kXAbTu0CNv9+/D8Jn0NKowehB+vBjYq2k9CdEPoi77ek6CdX2ckVO2Hfj/2FPy2us6BNnbPaPMGkP4j0eVD/YbgpxGBM+WZnNozve5p5byDY5EXqt/YAZwcp9ewk+vcZCFF/UR26bgZe30IbriGLRfNtvWtP0yTP2K4VIgmoKx9OTsSf8zEJroQuWRmwTll0e5G3aeBo2tj58E5Z6Ht8aHiNW5A2CYuUgflhsFtlf3xHomGaA+qXb779ZzIF4fvflvXRtcrHefvPp4GKjcj8Z0j7rBS88ViZmwcXhutFC9x6AHmqQuuOfrHQeuT/Ebqy0VwPvvwU+7Pk3BQa0jXcVcE+DWIJnCtaoBbbdcjh3UPQsDAtKJtbdGoPTc47Lcq7qwSXvFYqOMKdANfczLE6zh2s+x
__ART__9YfsDSFkTlumMxzVh1gV8cRj/XAoOK431qIb1urebDMtPgG7fDZm9NmNQVVOyGDPygAkc4aGmU8OwNkX8l7mjUOQarXwuPT0GKxuVct60KYJ8zqM4EyRizD2IDNQuM8KdL7k1P6aHIdLc3wc93eNgsrOl+IaO69C7fNpo/gKeziksJ1L6+wYvDqiSkg6YAW3Xkwqx4A5uPzgProp4Tsck96l3HsT9Qni32MFZLUgXOaGNOXdRfgQ3jwnpHAOaFJ7jn6OHIcn6aJzLfu7Qaye/MPw1jDcj3j/+iXKtwBtOptRySBYL+VnrA84A8J4T4PjGWMQ/WH6x3bcKJywCDOtHDsLfk9G49lpg+Bjn//gG8UGxprPuCXdvgCvH/FejL95BpLYV53PtJyH+6d+XT+acwr+hi6rzx4ZgFHpT9/cgybAciFdYafLJPgn
__ART__vC8W9zSHdfvdaIsZ9+FG15q04w4G8NOW9yVXqypEPzog8rpyDAx7B1ViSy7AyuUkfr9iO5B6J+VZtQ312beDOBOEDaHgx0yd2/tz8LW0Lt9OaxA4ZFP9RHnPQ0nR1ebJ/85B2kUTcSGFKZibOvlleNN1kDx1gD+Q/A3s7y1qjWwwh7OWVtsGOCxA/JwoaQV/AtTcL7rfFx2FW5nLHSYzaB64WzHMj/JQRmq/zufIMTDi55v3eW8N703r1Mw1uuFiZXfMq4ghMKiwH4lrN4JTByltX8onQS8yaO/bpm8gcuCtyuXN47CbO+C6uZgJFOVVpo09NgeDAxqbwr5awjdjbrFlHxRX/2Pj3KOZfvw/TiSEKJVySRlGI6RSLi/36zYbw7DN2H0uSSoVQtQIqVRyS64jhFQqRCkqpFKpkMsw19RHpUK/ff///eVw
__ART__HJe9n6/n8/E4zqH8IqP1VDggw38rZzWHAc953e7AlQB4dPD+bM2eUai/ql82IfAA/b/35+Ve+kNd0Fdrtp87rKyzO3VVWsQz1pc+TLJ94QAxP1k+mggZkid81bfZQWnP86J3D+kQ9u/HrSPbRHvOD3HV3DAJaywI9rvLJsF4cDhGwZUFs5mjUYUP/CD84Vbhg2EaBGzw7969nw0X0inrc7UdYZkfTmM/HwPdynLyrc5RKEXd2KSwfhICcp8/8+g5CB7KLUg3mUCQuzryLtpyCsw7HrsiL09B/58TVyRi/WDLud6V16ZkSNC5uWuy3RrieuN+Sna6iXiNXFDzbAoYQfP5yrKTYPPBqL3lxjjEHbyz/Yb0MeidOC1n17QPkLQnFyv4k8COZUcOBwbCj/MZLxP8JgDtZ/M3R8TrJ6RX608QPWBndkTA78oZ
__ART__0N9tEPrHZQaI93d0lp91gEpjZ63QYhE3ueSNfuybhoHoytYPlybALQD7yvXcFHijw2qzRc8p3G9Vq/qFAHDzYL/Quk6E8eCmgKitEzBp4nQ5D0EF53rCNn9lT2DICQ51hrhDiTej8EAaE+R3LF/g/cEA5s6Ro/XGk5C6X6asbLsQdtAn80kXJ0BH8enwZucZCBFuizEtc4QNK/IsrVYhvInfcPsuTuR5p46+t9OdAO0ghHK37jD8sFm9uvqXAKZeNJ16c3QGMvQPZr6vG4ZWr6O4T0MTIPwKqvb541D/bOHs6mYy3FRZb2b6jgshiXzLxy+noJD2c/+Oc/0QdncGOefAAvEG9U2fctHAF067Oo1PwM1rqb9/r8UDvyWkve37BDBWR/Q+i5oFwfmmmJZKkdcq/GfU+FUI7121YtqzrEGqdJ/WtdRhYGZA
__ART__hOYtJ9DSlu3jfXGG9NqWgXeKk/C2HYXc680A191jA22/cLByzOzvObFpmIv4nPlfxDTMDowoVIVPgmpzVLxZHw7O7vcP5Iq8YMOYj37EjOh12Xo0ZWiKBi4/tqOyw4JgaUMferDNE4KLF8YiS2bAYMZLTd9BAIePni7EjkzBwtMzjh6i11mKdymh3VkAxHhdj0AiCypSNxm3MabgZ7OVpi55Aho87BSjkUIwTrg0EXX0EwzSIvTy+0bghNUhKfRmCrj8yvg4z/KECcpnh8RVol0L1pXoG5iCz/tXixUSxkFxaG3X7h4GrNm48fJBAxG3/fmwl5PmDNik7aaFzTNgPX895dvEFJSJV28RezUFxXGqx1U+EOCFluVKbKcAfFkSmuFJLFgrjolG5DiAS0fhvaP1kyD90vPqFQ8h2B7z9/OOC4Q3iLyw+PM0
__ART__OKTBH173mQnmTCyNcS4I7i/poy2d3WFLywV3+8v+8Jk0FtGzZgZ07l2UVt4xC/6DgwxxJwGEXbmdVNBAgDvJsmZvi7wgafificbpcLDj2d2SsJ2Cken0NrkYAQQMNT3HHxqHbNwuvecSE/Af9+8jz92iHqgeS9JL9YVRh0G3vWkkOEP945ByegL2J/F8z7X6ARWB3hW1bQZUj79IzpoIhFyjrW65HyfAEOWRu9DjDCjnByNvd89A0WGnlktitlA1oPrttbcA9nXlH7/8bhI2dNRUp8dPwMasz51OL4SgWTMe8jp6DDjz4gPDWwRgrf4taPNPG6Ba3f8SKGkNK4HncE/DmfBilWzGnKEQMOtqQS/ICUoyAv6wK6Zhb/2Xv3u9R8H3JfnY7XQhJPdmvA0jzwA+bccbj5VJaPOlR51PBXjh/taf81jUU9vj
__ART__HYxFOag6Lrd1bdQkaD3JzfpV4wvXztsubhSfgvrgwrv1udOw7XKJ7nrCGEzo3A/faiEAwqO2u3LyeHDeXGGxPDEBznpdU/1igSDt3HzZv2Ma/ugffzHB9waphi8725YHwcP6eva0lC3sP6R9eMffSdDodUuqTg2D6OZb1vtvjsP41dE9x4lTIPBtNhPexcIaRhzn1qkZuBufQsfIjQO1THq/JGYcan6CdCLDDNxvLs19+DsOrwkqb6WbhbBn7D+5/xoOQuNvlvC7iFerPf+hlb9y4cxk59cVhWlgn1qlOkYYgmtxgVn7e2iQVROphXN0h4GLQ4RNNWPwX1vL9egxL3hf9P3FlIQnxPXHm5i/FPFB3EHy811U0MgvObypdRrUWw9bH8wJgtcZwqNPfghh/FvM+FdRLr6vsbbYfmYMbH/sHOZSBRDYKv6B
__ART__oEUHjqAyKJ1uATk9X48P8mmQ7mP9+c2RSdhcsmm49AwOAnxzTxyN5YCdedq7Rx0RIP3r46vmapEPn+vg7H9NgI0Hv/3Idp2Cp9Ilm3CBHPi76xjqyBU8XKe/+pFpFwDHNm0LcHs+DVpWp/MPFE/AT3LAoXEfHOgJJOwkrabhtEWHZnr2NHRmMCZDz09CUsgPxPN5Apzn3TnSKc2A4kWa4nV5N/g65BXBSfEB678OTgev4+DZBtT5H/9mYf3Nv1fO1dKB2eukEzTOhl+bXnyY1JoAvS+L4Y7Ww1ASdPxmvS8WpB9dbMRre8LpDHpw9S0hNH9qV5EMFQDeRM/9PGsKan2KT5zej4NyN/b4bdsg2DrRwXsXMAFbrwkODJgeBtyn+ASFC9NAKboxJak3CWuPWJuzRJxROse02SLy4/Zk3fs7d1HgfMnFotVq
__ART__VJCovVG2OoQGgUn6mMm7Y9B6zgxfcngc1ud+cjoeOwbEh0ln7VTp4HIc3pn9NwX31ve3LpdNi77O7bFdg/6w2nNfUWaTMzR1B2/xVfACF9xq3s1Tk5ApGxd+SeRNPx4bG3aJfCAKdeX+v6VJ4AZvO3LQZxSs/zu8uSXPD2zPpR2v+UuGdTn1WwtEd/e2mLtV9RYF1JO+1O8X+dPxWnyotOi5rbVbKLRa5QMWVpZu328Oger74HcPD05D9MO7nWtGXGD79OcKFM8Gcmdl6l+i2HCGpzRVR5yAb6e8yz9nD8M99IG1fZu+gDJL8cuqwxxw7BT/1xTmAdhD5zBRVzkglB3pM9w5Cc3SZ772X6TDcLfJWu7rYVCN7+1/1yAAi+N718rj/CFgq+WNqNgpwE09osyJ7j12yfvQ8WtC+Ke9ia3iQIVkuU5lvTYf
__ART__mMy42XNdlPMbrdR3R72mYLxlZ9jVx2Ogdf6mW9rJSbjnP3PhS74XmJHbsvPq3MHr+JFPOw8JYdv1T/j21GlQ8tvhnRgYBFovpztCMgbg9fXruqE7CbCjpdexETsFhq73fr6rEEKjQf7UxWEyoH6csf8r+j70HYRDs34CcD4y36x7bhIe17Hj14k4e7OkJ35Gewp6fBWyqLeZsKlsm2eFIAiwz3+9Ih+2Blb6m4YHLVToP/3AofuzyMOvl87o3piCNQgfvxsin9iXcmyPqfIkIALs+mYFIs53QV2inxuHE3WXjdwPE2Fdo0Q75iQO5r51H9f2mIZTb6I05y3R8D0kfcX0zSjY5PDPS10SQvbT7fgr9Z6wkP5kQkVhEgi3NpnfFvFLyMv4xfDqAKixOimHxFHhEbdroGncH0bXICudZL3gUsRJxlnLg2Ac
__ART__66doISkE64W92iOi56L/gkx0SZ6GiMsH31bMjkN401HZc600MFv17Lt9EhdOezAlP6dOgoLvzUXZOTIcG5s31PSiweHyw9kDVG8wuimtmEmeBO/D90Kv5Qng54VvazkiDp8RqdH8KU9Y9TfObLfKDPzrTQhsPz0FpD/qd8RNvMCc2OF6NpAA4qaPN3kqTQPZfORckIsnvGLutFY7OgeLN4ef6Fj6wCWP2wVZAjJ0vruRPU07Bqu3herLeE1Ap1xFz23j0+ATmzTHGBiBCr3ryq8hAtqZ7/M83kzC+qbuzLPKQiCsV4izNZuFR0ViOUPlaPirW9gvp+IES0UpEtovJ6D25BzuoD0ekCMV534nhULSxcuOYcFjkCrG+I5gjMMlr0DGosUEZGCmfjnBZ3CvP79l/b4JkEVeWLyfPgHI/nLZtbLT0GbjfHpA
__ART__ZhLq6BcmrxeMA/Ow042ZZ9Yg8286JeCrN9xvjyjtvTwO2qixRAfPUchH6u5ZSvKGz3he4qp1s2BcuH2hWpMEYie2fpQxnoa6ta2Lu9b4wRW86lM/WW8wORZZ9l5iBC4TMTHXfYQQEMmhvBmZAbG1d7L/w0zBm0W/rcldHDj7tCHzy/UpiJOa33Plpy0oN7olZpm4gb2EenLZSzfwx2sf7YAwwMdofFvyokD+PKk4NXcSVte67Xsr8uSmh19mso9MwI9tCXZmOAJMenYibyZ4wzOf9bvYFuOAMPSQuJ43C64FFqcDO0S7o/c6AmvNhKfsj+WhZdbwx7PzygOaHwToKdcNPGJBhsLBN0PMKbAKWtuC6J6GpgenseDqABmFsdJG+tOAKNR7WdfnDelSeqU7Z8ZgWPXzwc2m09DYa5KyWfT7laOKiy6dOwwt
__ART__Ceek49LNQfNapRrp/ThExZVNnY/2BanweUlzBRwQCWZlo9eFgEeffvNr9RuwuTzB3PFB1J+Od9xnXjtD4xAtj/97Au6752V1+I3AbkKmzE8lIVw/ezn/ZqkXxG2X8nnvgoeAlQCSsovoTnH/osTcx8A9T7/x/RYSTCWYUT7xRP27h2uq5h8IlUZt++Nzp6Dov67kCo1P0F5zsNe0W8Sb+x+jVkRc4ZenNz+UgoXk668M1G1o4O645fML3xnw0EdvIh7BwN1xU/fSvCHg51Bvld0nQfrqqpvjP2whELfQKbaWBglxZSuXvoyB/6X9t5VFP2cryuMgNtsXLFcr9f15NATHT+mRhaQZcJtw3H7PhALmBtq3OSH7ICO7SEdS5CmEKzbFiFJf6Ne78Wbuhw9ItWt3Kz4Jhc0UauTtf1OAvx6/df+QEGp95eJi
__ART__7UWcg/oWkantAsUFmFGVxQnQtfKua9sj4s35KNnOrRRQXNl/WdbVD95luiU6++Bh4t2dc1+zaZB9ZshwsXwGUo8rrPO6MgTff7UT76+InvNEwhr0LB0Oa2fLzYgFA6JO5qpk+xhsGkVl+X3oA1NPxE68xRh88gLWfIsXHI50eLxFZgouG/c6Xb1lARpf5e7//DkFvyvvfNrWNAsjZtqdW9JioPPVxV+bPszApMyNyGDlaVjDgms/kkR+eW1T7K+BGSDIrqT7Kc2AETIo7XnXDBTEn/DpC7CFs1a3LPvrvMH6Kr3oHB4DqrVDf+79sgPFx2/2pvZMwt5He//q3j8CLmHvZLKtOXAsPSZ/QzAN4p5xxqvqx0D46ft5+eZAOL+98XznMAlw83Vzd6xF/mIx/G7Py30wZDtlWZM8DLN5mrXG8j5w9O2K1+Tw
__ART__GGh+Plb3JbMf1qryNeQDRuDarxDnE6GukHoGrXc2hAprGbLZe4cH4fGVI3sUb4n6MVfVEft6Ck4u/S7TzDkE1Q6rX1Ii4mD2h6Jj0nssELm7/fuVA8BW7dh3EtMbSB0GO3TzRmGUT2fqK1hCakFg5zkKC8xm3xi3BTnC1cmVhR1bqRDtIPTp+yyENrwM6uKnT5CBdVhxoOLAqcrgqLM5EdxilNhvv2JA95l944EHWGBr3CXWxs3AJ/2Qp+8yCNDik1RyNYMMrzB3dt0T2sBd86TVUTw6IFMzs4ZmyPBjz54rP8ZJYH5RLQl2s8CwUjp0DjEGOXNDKmnrcfAg+MUD1z8BIMulf3g04Q28k2zL5G9TsPeTA7LGxA4k1Hecm3iEgV/5/TTewSmw4aZjT4sToa/lzCk3s2k4JrOvc+jpNGx5fORdko4QIjdF
__ART__Xy1DjUOkbMFSwU0bkEJE385+6g5HGXjb0zwi9AwNK7BbnWDbXn9j/hoq6B0mn7mk5gSNlusQ0RRXCO9u++w0Mg7b7kzg91/1gfIp56KtoxOAJ+8c018/CioqL4+pH3QCv7tDd+Qb5+DdEVz+u6FwmJuRKPJRIkBD+pU8n4Ug6E/TiOOlOMHQ6Q26D5RC4Hz/ScHNAn/wPLEjdts3Euj6/Vb/XjgJpiV5A/eDZiB/4Kzluz3TYF1oel3K2xFQgi3ytaK+69Fe7NJV84C/v5dpv+qCYCA+eqv56UPgvJ7itVOcJOobneHId8HQ8/vbg1tfafBt9oV95HkqnJwec8zS84drdzhN//X7Qqr1Y+GaFDdIu1GRpK/EAP3j3NGk6+6A/t00F5gu8uAlaqeOwWFwoPvfjg53hwOqu7sCB6fBtnHrtYvcKZjwjkm5
__ART__OuwCO467/XhEDgflxw9kZGlT0P7i8N+szROwhUmLfPADB50DmN6GEiE4ODdwEr+NwVTVR6/wFXvYS7HchUiagvV7Dhw1dMaBZYuij3XeHNin1o4oMvBwbzuPXBU1A18RlLku8Rl41BpYIXVsGuzPVvymvKPDs39bv9SJ+KginJitUUOBdfuPS3lpMMEJn3h2x65ZIOpp2lnXBMG5KdWK2E+XIP+ifK90hAeguw6dQk0LoUHJsSDsDw6se6bth7zcwWXjRuWkr0LYafj20O1vaWBw/HiPZgwVHr5N/NyVyIV4IjL6Q+R7ICRy7x92/gKf/+If/nWchn+qT65N5ExCguGzNz9I4/A1Ru5Aqej+r6/dTu47Mwkxdndrl8MJ0KYns2vjQAD8efQq/peyO/Q/WXdAWOANR2SysKOinZ7Uvi1EVozCnwmDxhtx
__ART__c8DPRnzmjEzDeMxs17tMLpjJfT2ppkeHrTollTpSd+HHnxu8N6J+I84P5hQukUFqw/eElHVT4LnfIuzl4jhssZ4JSl+ZhaWjrt5PNgtAcHR4OiDKBdqUX7mfOCEEwWyyLFJ7FtSalY6dVSLCSsrdfmQuTeSFfSYu9R6Q0DLHoBe3g/eM8TEr/CQs1GQ63H36Af627z06bEYEozZ2xg7HCejfh0tr1pqDA8/nqjnPsMC98Do0/eYIPK5Zcw17ZBZ04g9LRrmTQGHf2TdcH0+4uux5k+g6BvH1r80FXgwIqvdslv4jhIKPV/892R8GL0dv9R64KtrfuzaafuW+gDwok8z/jwr86S2zdfwB2KB9Dp8rT4B7Ouas1Dv9UMi998ZswRz2Jfv9PjITCtaqrpfKcBGgkNr5wDbWHpJ9p37KM3xhfObMrYu/Q+GY
__ART__YIOl20cc5O83cXFqn4Ai4xCNbpqopxPLX9a2jMO5j6qupSLevF7OsUscp8HKm+ZdPSKe6WshbLPlB4G7ijMnWnSnm3KEGkYHwoBt9NjuyVEh+HIaYi1P+8Bl20v7UsomACv7MvVJyiHY+GYp80UgE1oZmpodPsOQnCalE/IkHJiuwZcTgsbASNtvcOHJBMSIHb07fQQPbPXUt2fDvGHK7NHn7Vsm4A6tNRdMfYByW+NTZT0BXJvWTkvc8ILdIXpJeVtcQX5xbbje65Mwb6eehdoUBJE+147K/o2AmaIxuexNs/D+3CXEyOtPkLb+126xy3gY6R3S3/T2MPzdtNRYX/8VvNKv6PyIDYV7066jh53GQf5a6M87S3OgXvHzuFM1AXgR9bKLKvYwoz09XeXvAR8PfDLIyIsAvf5j2w3bRHckZYBZ3DoGo2/X
__ART__6y8+cIBUcT6TlzIM38zQQ4IrOCjGYfIfxs7BR99ow3v/TcPHHejVZ0VvY5eq9HNXpkBvRCHBfBsemO+kzm+y8IXfqJDgig4SfA9NkdSSGoV/ubeWy/WGASW/to95IRhUeOZKSiLfXzOHmibUu4JdXndc2n4m/L2qvZuR6gXrLWR2mJ0IAY2DSk9uXn0GYGGx6YjhYYg08jtTPTsDI6X1aUOUafD3bT9G/+QIc0iBsdteAmxGzsy/yKQDflVJ3cSBaeD+/epdILpLY9KPA+cV56BrmTDqf5IGTj8m162jEoH72PRhSAkONLxaWJuFnkC+VGphe9EbZCk7AwmJOBh51oI+/0wIBm5braWeCOFv+D2zru4AQElv82o4jYOlqeHyCz88wLDt6+qX6XOAWfba7H/DHpTyMgfyKGHwcdcTxYeHSBC7fuWj9L1Z
__ART__GIqUjBVK2cHVwQ073Q7xwPeCta3snzkovERuadHpBU+SVseT6WkwubCFzS4U/Ty6vxb9ujygrSH1yiNJD3g7YfpjV5cbkHdXFtfNhUDThxM/kGen4MK4d+3h3bNQcjYab71VtHNtWoJ3/V4QG/yoyJb8FTSzy39wQwIgSJezOKcfAJZkA48ryGmoMXmkXukt2itZd/P3Twdh8bGjR+pNGjAml2MeuX8CQeK5zz/nRf5ISBpWRHoA/WOc/mPdKTgTpi8RwAwA50h9xH+fpgF/nnPjhykVlrx5v2mUKahyvRy2NfcL+B3yzVJYNwlXtt/fHCxNgHqnd8evizh3trloz+oDs3DwgtRQhFcgaBd/CNuMnYMjkcXDBj8dYGgwoXLpej8o3pOr1LaeA8kfZwzN/OnAHC3zwpsGQMa7r2axDZ8hNf3Uns/cWcjt
__ART__czFZfyUItnvpuJMURM/Z5V49XmUIVl/9p7h4PAy2NILpcp+oV8kL41axX8GSTf1mIfLW5VjuutKaWSgPtEfc/U8IG/8iN/T/C4I1X0LqtJxmoX3O5l2sMxO8yr8NMlXZ4HLhEjvt6TCYBL7n7Gr6AuqyPmcCeSKOpbitO24XBN3jAxJHn7yF4e7/roTIe8CvtS6Od4s8IMX65hEFEdff23jdYOrpGGBskUeZln7gnOYjdYrpIeqD2j9/P3nANhXJ09vkhmD37KHhTPNZWL6bZy427gVrt6wy8on3gZHd2F9bt3pB4P7nn5Zrp+FpUuveG4nDYG8tnCOE9oFvyBWj2ftnAdFiTdoeMgvND/68rJSbhstBzel/H3rB35Tw+hDWNGRuQNVujA+AVX5tN/7FzME1tmZVpOh1RjpJrfytw8HBtGbq9hnRLo45
__ART__rT/wYRoC50cPlt6cgLnKHOVVqdPwtj/GTejLgKXdC0GxlWyQcr/unHt5FG4bRY9ZB86Bjs0++fK0Mbi6V+LNdYdQCEuXKo5AjEOaa8L5k3leUKDY6H/+5Axk/RQqTM7RQH4DY/XGyFm4dqvB+NXvTyB/1RSfw/cAiW31n2vUncBCY+vFlt04eGg6njQf/xVCyfOwv2caTmwe/GEqK4CaLetxnnqz8GTb2roy7xl4ddbzkQGOCvsvSEuccQwHi5zFrO7vrrBBRpK7rEyG8/rH6w48IEDtJ0f/P+dEPdGRS6zsIcDGuHdSqXenwNxKMOQRNwUY1Tv7j/RPwjujSTn/TCL8veZpvFXTXsTz68JwaH9oxJjNhOnPQGZsorNXcyg4ZXHWjV4JhCnx2r2q7jMgd6Or9L7NLJz61jFVFvQF/tvkXLyPJbojLHVT
__ART__Zd4gEBAdqb9rZqCWSD+DvMaCzXBx2y3EDPSfS264cHYQDl1ROGCHcIER1IhyRpoLoLHHD1SengbHiqHb4aumYbX/1SEc0RkOnXa7uuDrBXnpp35vChqBCtPeqx7rXODnCGVtZvwpiMsqfBz31gdilg4U/ntvA4MeNXXVYbNwL23BoOT6e/j132Ep028jMHjU/MPOZSxwrnZar9ecgh/WG//74dsD7DdTEj9GBuGehPKzuu5BSHp5re2/D+NwQOr90rVyIqiRD/jXB+PBYPtBq4sDzhCXV03/YjkF3MQnuvo+k8C01JTasjMCTmO6uSGiXv0qxncPc5iA9zoe32ZeMCD3c0gUlLjBX3Xn4A6tr+B/4+D4tRCR95rPb3b55wVDcq4jbQgPUPuTEtd7Hwt/P9Ay9t0bA9W5kHe3z74GOe71XQFHhOB3bfGx
__ART__wyUvMFw/e0IfJiFnq9zuV+MYyJMU5EY9m4OS35mpw7njsGR3tEXhHQ6qTeXXfg4eAkzrnLeejj/ITtLyAmX84bCTEsnchQAGe9uTpMy4cFsC/eNApRd4f7n065VJK0QP+6VdMpkFZ7L6KorLV1AdiB64kE6Fi0WCnj7DcFhbKWcfv9EXDp9b6509QITH7ft2TBSNwLv5v8/GbgTA4LPS1hdKc9D/86+Kzm5/aNeW3bjGAAv3hKiu2qN9gE0fZohVhQDLZ9ATe4UDcm+T9ryTnIN4qfBi1K8w+JXtmxR4aVLET1L9bW+OiPJtvozStIRvmMMTfpZ0wP29i6yun4TUDf3eRBFfJjY1vKdSJqBOw/tMtuj9rxearb/Z+IFLmudV0/+6RDx8RyzrwTjMF5kPV9/0geo9t+OtuaMQlrj2iyVB1NOpF5XDmdNg
__ART__dXA7svRNIHx/FhT/7RsW8iyKzEpaAmFFQbzzp90M3L6hFoP8HQ41bkNB/EgGjK2mLCumhcPI+t3vNR+MQgBJaJB2JwA+77hQYlxFg5YXJaWqJl6QyXtz9bjJV3hMMcuP4boCh2fzQ8rNHWxzbkzeOkuA+yVzZTnWnvBc205yrGYM1F+2IraRBXCr3OL0ZcIE8Fbeel0YdYPBmK8/jyPtYPLD5otJnVEgMXRZTLadCcK3hKRvDV7wa0fR0O+p51B5PaTQmPwRhnBfK/T1xsHi+boDj5oCIWciG2vm5gp6Ow/pW16ZBbrzBl/N69NgsTisYDpFgMuK+1byMg6D5fatVz684kJkaNuc3H53WBboY1WbZ+Cj4+dFFdHnNxQW/BYyZmBTsrWXdOcJuMP4vfDouCsk8zkrne+moTpxTV8m3ROqyiUrkexpiHwV
__ART__acRImIKd5Ws+VnQyYNokI6gnaw6y2xRNaa1zEPpveBzR6wE5JOWxmWkuxLYXvIronIM7T5TTTqQPg7/ljdMHJqbhr2LzcenCWThzCy2u+gkPxyuG17mjqGD8sZV67+8sjLRpp2+kUWDfKgmFv5lk4FLv2R8kMaFq9PtdxOvjED905EbaLA7Eyswr34SPw6PPaq92Bot8prXJB/VwBk40S7y+PSnilVuGtS6lTMhoff/ZIkQIar5nHNNipmA+5eYnp5RpmIzyqGcGfgDGIr90nDkO78ZnDitsmgMHP0uqj4gXtWGP55EWUQ5TMMnMkUm4UJ7t/pjhCfmY+nY72UOQ2pjw8eihGeBE1CsTBwZgbu2lK6XKTOh55Hsdl+YNOorW6nLMCZBaWdvaJusNG5p7FroOfILIY0//XHo1Cxe1GmMRkd6g2S675Y1w
__ART__FPplP7yzv8QCie1S9+irBoHEvjV3eb2IF+KCfw7Y+kFC6uKnvVun4Obp1F3DnRTwuDTx9AwOD1fvOHYaOkzDOv6JiBubhKB+Q3BtOe0rHOw+ucvnpzfcZ/voshemwMj4S+LePXOgddvh481RD1hVX3Xh1qMAUJWL4bm3k+F+9pr9T2hzsP3nsT2c8QmwWVlAJx8V+VjygRJG4iS0ljz/LFM4DBF7ZgxHFnDQcUjYcOzHDMSlhCD0RH5a9LhtU2XNHMj/bFZVDOiAHfe1zueYC2Dfd6sR2+NsmJ3afPc/dzuQSv7XUp81C36TqHT5+XEYFFeWPjw6CvFNO6irNKiAWPHwe3hmHNA+L1+U5DHgmmtDuKfMV3BctDmT/m4G9n3zEgnWGyi6ijdpifaHizeRCxWxQrDXlS1VvMAFR12v3UWaFMDlJc1vCJqF
__ART__syf8Kjb8EECO3fJux70ekCWrmhFq7Ag/4hTWSB30AifScUZ7NAlSKlzmfrFd4alxyfuqR44wtiFsXYfIZ28cYa+sPfEVrrTefL5T/QukrRbezenFgdnrHr1hChpkrfwe5KZRIehTHqcwcAYUb511wMxMQeRSx4Tjxym4PdoSfnFwHEgvGq8+jZ4Fk2Dp2xswVLgQeGFjRjcVsm5Ma8ZyhXB8V6zlqxZHoAxe2fdKbRKWjVxYWgZEeCsTuLac+BVc3qYFHZEnwTt3ryl30hx8UdJkNRS6g1yxzUy36wg4Ic/xAjJEOy8ud/vCtVFonXjGLGiYhufGQezJFJEn3n3b9iNFCJne9PdrqAdBqeRDxkF1b5jejZ5yWvECmpPkiW/kGdgSmR3HKw+EXS+t0oZmp0EwvFraRORHWMWA6o6/AvhPo6Ls6f/+LmVk
__ART__V6utJsrLpxLNZzQsfOjbanbLUdQPryodjF8KQeby1cF4US9Y2FKubnjuC53uPyO+ivoq+qx52bcjorvpmC1ukpyEZo58GAYzBrq+eXptR7FgNIu+4i/iOlu997LYd97QHeD/vv6iKFceJYp9ym5w38FTZYo7BI/e/OiX8bOHf5ct19CaBVDocXr1GTQV6h6Ept4enoPrUuG1q83HQKLyGOfkZyZ0/eKYeUsI4PV25q6jZpPgZT4T4lMxAvLz8df/q/KGhqzHWHWRR2DOv67l+wlhifnm5dc9OFj7JOZr/t1Z6I9/kXXp5zEgW56v2/h4BjY+N73kqjcECWKMGLsXHiDEN3ywP+ELy8/EFhMzpiF8k0zu4WeRcBYv2Z/a5gfVrBdnXVLtQKb9j1HLEWd427Y5fLvcV7iT250pDHcDdOtqw7XbZoHfSt3w
__ART__2DcYajn3/9zSGoE/3uHXlU4L4CTuMcplsz/c6+jaW2THhdRchGNoFB4eTwebUn+OwfE0v/uIKAIoxDWrO9CosO0jlXrgORcMlDabMj9MgtRPdnZxgA38OekQ/e+xEO4i9RJ0n3iBxJ98mtOno2BnI//v9IIbBLw46tVcIOrRhRMaAw8noEHluLpejh+0t1xYZTY3Bysve3IQo3MgmGz//HTfVzi7WKOk/4sDJ1id6Rp3A+H1LabVDMYbzh+MaXmlTYWxqaHQoMdUWCz1gNBokfeMCEkkWgT8skj1qroYDnKhLVZ714xAXNiBz8MtHbCR9dz2ko+ItzVUMtObiJCvg/Yxr5iFB+93e983mIE1Bz46nf0xC0e1LZWcpfyhi3zAwkGZBJJaw/278BPAXPVd2yOCCmc27Aq9+HBSxCE0movtDDh8wW5Ab58B
__ART__F4sSBuWCKyw12dSa2nrAYP+lQ/7+rtC1fctKheoJiC/G/Dqzegika4+8l60Yhwe6p9Z/75+FNvXELR5f8GASMbF8q3QGtu9Sk8jQnIOjV0N33TX3hq0pf6+QN2Ig34C/b48yHp7P7R1JNRmAE2Pp+84tCuFX5XoSQU4A+4ccSx1Fz9lPLSoMQ++FW2bn9ldvdYNNUjM4vB0Ovj2Dtdj9Qvjm2Nd+oD0J6oLEDuVO9sHOvavU9hhOQgyfvTGzjAjausxsFSch7JaqvBqh8RUICnX42Hx7eF504/bVY2z4VbMn4Hj8Ybj+/deRn0+aoDVSmJAfMgYf4rz8ULv7Qc+undTaGAhWUcu/fNvc4ePqAWOTtb6gJ9v1cv/6Plhd+HNL1LAvHLtup3N04Auc/r1g90XQD5igb6fU9uDhdRv3Pff3BHgGB3Q9PTsC
__ART__1q0hcrxtor0zUVfN9SQCx1giytucDCTxm0j/5TlYrBYwXjrPwDPikz/hm2dBt+zbHk/RfkT43ZXU/+sObup3KHDGE95w3yj5xszAC8SlT5y1Ip6si2dJFjoD9p/x6S3nh+CqnmCfYbg93Hpn1Xxe5Acz7y9cyfcYg5ttEaWqtTgwmr5MfSYQwnSqjPWxsQmg/0oM0UyegQykSffro0OgJD90XeGWEGazlcK3zRGgk9egu3j6KCAFro+yCw/Bc+4J541GaOB8W1e2gTILVn4XCE57hZC8N/3AOiIeSFHHQ33sRH1uHhyHdpqE3nBFtU0oIcgHU/yKaGSg4487hLFc4c+nAq8M0b283ybd6b6HBpnT1gnBckK48Af/4+S+MQB56kTyGWu4oV+1dmbDDLAfnY/UKh6DwJhd7FX2GLC9alLAMvKBg6zmyGNq
__ART__vtCwPyHt9BY0WP2gaAUTwsDh84tDBt+EsLHw+96j3UMQbHFsffmZaQjTrdoxGz8BZlp3q3Bb8VBySYj9QBTt3O83tC03JiF6KzxHo3zhSLj7YZtUDrQms8OlDrtDl9s9H2+LObD2FCs5cnAaxg6fC633F+3qUvbXN5tI0EN+LHuveBaqvwev0lmag7WH4l33xXhDfCHq4zj+DNQ6zYe1HB+DfMnoTH5+AIiPO+4YmZ6Beot4YmcrB9Z5UJ5G6AcCJ9n4ucowG3x0lu7Lf58AZYOiP/u+RcD7Xd7Gq6K+QMnn9ttnowPhwt5E4+uFYzDvodiUxB0D1Oo363M2fgUV4fq2krN+YG7T7/o8lgiB69KtCuZFvLdz3/E/QRHwxvvwXseTR2GV8YyWmIgjXlw/9HnL8BQwQt9/jBMbg2STJbMs53FA1Gw0/joy
__ART__BLPspHzz16Ic95bbmr+fFfnPyOJ392kIefghMtjuK3TdSxaucnUHtUDOg1NDOOBPb93PFpuA1IOrtt1THoLzunkX3v7EgbacV8oJqRnofHF5Q3scG1TR7hPZ1TNgUUKfcIsLAF/xU7qP8B7QTd3f/euzEGj0m6UhUdNgnXg1h2v2FbI/rA34umoIat8310w/I4DE7z1rkmZnoK8/4IiZrS+glbapN/+Hg0MP1Psu5VvDsH0iL02HComDc7/RRW6gm20vFTE7B8593gzPz4HwxDHrFeORED5U/We/7SQObCUi/AJM0HBhz/kBpqgHP7f47ftq+RW20vJeOGfPgdJ1X3Fehwdwym8mEy4RgJnwq+jGPTLo6R4/WZAbDXHusu5fiXMQG4zM3vRhDsYf2qS3X8fAkWP/EUquCGBktU2P3oQL+Pi18pNtZ2H7
__ART__zDtpfMYczO0naUzbzEDqbGTtUF0gNCG/haNYYZD66kj/wvQ0lP44smrtcTfYN38/35VBhK8HHMv8RPtyMiSmwHzfNZgxSCizXhJCZ/TorYUaBiQ0Z/R6Zk5DtLGr4+TuCXAe1zn7Ze0YRP9h+Tqe8QH6c/aLJ5p00PRNwm4Qvf7Lu7awMzPHwHBD1u+mTCfIf6hq+yJ9DvBz955HLODhbUrg3b3fZ2ErPh+7x+ETBG1cST+h/xVIm5uFn9Wn4doWxZ6Vv/ZglelZ/Uj8EMhsnEg+qTwDFeJRiQXfCYAejOqNkRoGa+nTW7NqCVBwmslT3UsAwwa1Ug4DBwON2y6+kBTA38v/tdXpzcBU7olpcbIPFFb+1er0uwdr+MI5+81fwShjwe1zjCdMCR677hD1Qr51a3XBiSnIenjyB8obB98JbPX2DTh4vAd5
__ART__u7HHB35vmuBcXjMDTzfEl/y7Og3NZ/ouRxuGQPfbHSuK4Yfh2Bb7xzYVo1BMiQyfwFPBaLXccwV3d+D/vZR2VMIHrg905OhKssDE4pUOK5cDnPv4z2Xuc+D/l3J8KuYJkLcQ6oxOzYJ5qu3kDyUWVB9zwK0V4EHID7jkbvUJzk4FVhF/8UExLkvzK3kCem+f27v4Iwzee+95eWen6B4tOn7EZBFg/S50h6nqNHztPHWl7MAw6G537w0MjoMXOY06kvUzcO8JdfWp/VOAp0ofpXzuh9QXa9Y2ZYyCxI7zm67dmIYep77sm5KivqlZ3577kwACN+nnnC2+oK+2Rj+l1R1Wv5F4J7vrIPygsJ/sMJsDkkY1Vs2EC8GrPM+/PBEGmJxz8a78EPigtFeJg3sDNypueFmGOcJl3xhi7HsfCHBsQL+9NwRy8L0z
__ART__UwIPqb+EcR+9P0C9Vm7xI2cPsEl8jDxgNwktKjzpL4WfodA0u/5U7BRMFZLLzhT5QOPT2kdbvT3g10bOwvt2UX/K7mbVl05DoO9k41DHHDxtabpffCkYknamfj9idwg8DFTvd2a6wR2PvhNuDz3g8ebao1e/eMHOW/kfEf0foGNm659XWgTQ4/tKblSiwf2f6h89b2JEd6qNfyLjCBnFxYqUgjmIPHO/5aVCL5iv3SO7X9RP89axzG17PEHguLpI2wYNvzrtFwo00ND91f/KYR0BPL6ya4c1Gwe1z/wr350Jh9SPZGOLnkSwo927I7vkAbvOjTvWujkC1u7WjmFrMmigFbyVv3oBJnF7xEG5Fii9HHvzWro3mLbuvDu5QIR9N4xTb5t4gTV/c45ezxxsXkgiKXljIZlfNpnzzg0iXZ6jbVjj4F7yemLi
__ART__Oh1MSnqeEMNF/qmM8JkOmYPo4cB1K8oCWJX20hHlPwEOwSERdd8IcNbG8Q/CzgfeWj5MIZeQgVXVf9i8EA9vTBO76kXetTZ4i1iBmhNsctMxfhlFBP0PX76cmpiAT2Z3qI+wRKj4WPARdUoIso8uFShOC4C7zuZxWggRGPKsa+a/hbD32WyxWgQN/nalnhsU7cy9gX+5qz+FQ1/Y5Ioc0hLwyoPPttMDAD85slH1JR4Q8see96lHgKtmy8PzjGn4kL1B0qF2DpL1d2Sv4syB+Y+hrtTD3kCn/kbL6czBDZnSSM0lGjhkfZolnA0F1qWn+Tt/BcFy9/1ccxUK7LaU+/47KAqOrlGwLDfyAu2PO1/lGJGg3C9ZAfPZEdaESOnNnKDCGv+0NWoUF5C8t3dNVaYLbBTb+KZj1cbBjlWojS0PxTcqbpTaKKWm
__ART__Iu39IpX3/Z9oF6UnzUd/CO93Wm0SQ/4/H1VSEhMTKy8WX0B6SP7vf5c9FBdXOCVmLaYpJicmaS1OFVMTk7ZeVSCGEpOzlhgSsxBTtJbUFEeLKVuvpoqTxFSspQrEQ8TUrNcMiUeLaVpLa65KFUNYy1BX5YohrWULVlWKoazXDq1qFDOyltOU6BQztZanSvSLmVkrFEjMiFlYrxuSWBKztlbUlJQTt7dWokqqiTtbry+QRImjrTf0SJiJu4spK652FvcU24hbTRT3EduUsZot7i+2uWd1lHiAmIqiFE+cJrYFJ5UlzhLbmiHFFw8WU+2RahA/KKamuKZD/LCYOm5Nn/gxMY2MNULxk2LbetYsip8S01SUll51Wmw7Tlpl1VmxHRnSyFXnxLR6pM1WnRdDKMo4r7okpo2TIa66KqaTIcNelSOm2yMTteq6
__ART__GFJRlreqSEwPJ5u1qkxMP0OWv+qm2M4e2YZVt8RQims7Vt0WM8Ct7Vt1T8wwY61w1UOxXT1rF1c9EjNSlJOWeCJmjJNTkWgXM8mQQ0q8FNvdI2cm8UrMVFHeWeKt2B6cPFHig9jeDHm2xGexfT3yURJfxMwUFXgSo2L7cQpZEhNiBzIU+BLTYuY9Cg0SX8UsFNd1SPwnZolb1yfxS8wqY51Q4q8Y9KxblPgnZq2oKC0pIW6DU1SRXCNum6GIlFwrbtejaCa5TtxeUclZcoO4A06JKLlZ3DFDiS2pKu7UoxQluU3cWXE9T1JL3AW3PktSV9w1Yz1fcqe4W8/6Bsld4mjFDR2Su8UxuA19kvvEsRkbhJLm4u49GxYlQRynqCy92k4cj1NWWe0k7pGhjFztJu7Zo2y22l2coLjRebWnuBduI3G1j7h3xkb2
__ART__an9xn56NUasDxImKm3iraeK+uE1Zq1nifhmb+KuDxf17NqWuDmsVPeS21RGtJOvNvauPtpLjNgtWn2iltGxeWB3bKnryklIJrVRrFWWpM62BcSoIqZTWoBYVU6n0VlEc7KUuttKttxCkrrQy4rbQpbJbmS1bIqXyW0UZSZQqbGVbb82UKm3lxG0tlqpo5bZsrZeqbhUFp02qrjXEWrVX6m5raJyqQOpBa1iL6oJUc6soTZJrHreGW6spr3nWeihODbHmRWtEi5rpmu5WUcTs17xpjbRWJ6x533okTp2+5lPr0Rb1yDWDraLcJa4ZaY2y1shcM956PE6jeM1U64kWjfo1c62iMLat+d4abb2td82pn60xcdsEa/60xrZsW1iz0iqKqLW4eEKckSipqxPiwzU1pWUSEmo0jaTlE07Piw5NKSHRSBTfjQlJ
__ART__4dup0lsSztRsD5dWTzg7vz1OensCz0iUae2E5PAdBdJ6CSk1OzJWo2zPDe1olDayTdXU6pQ2tU2javVLm9mmF2jNSFvYnh/SWpK2ts3QRMjJ2NteoCLUZJxtLxYgUDJo20tDCAsZnG2mpjZahmB7mapNkiHaXinQDpEh2V4d0o6WodpmaeqkytBtr1F1cmXYttkFOpUyIbY5QzqNMuG2uZq6nTKRtnlU3X6ZKNv8At0ZmWjb60O6SzJxtgWaSDnZRNsbVKSaLM+2sAApKXNuVVHBJlPZ9MeiM7OXvfi42FqPIHvlcUmcHl02+3Fpi16kbP5j0e0lyhY+5lvrZ8rWxZeH6xfIlidU1OjXyFYl3JzXb5GtTag0Et3lnYSq8J1DsvcTqmt2zss2Jdya3ym2tjWhxkh0rE8TasNRmmufJ9TVoIzWdiXcnhdV
__ART__1euEeiPRBb9LuBNuQF37MeFujUH42oGEe/MGcWuHExqMRGc9lnA/3LBg7WTCgxrDmrWzCQ/nDVvWfktoNBLd+o+EpvBdQ2v1bZsLds2sXbJ9NLRraW2PeIuikbSchEQrzkhFbo3E4wwjpNxaiSc9RmZy6yTaFI2d5TZIPMUZE+U2SzzLMGbLqUq09xhHyW2T6FA04clpSTzHmWTJ6Uq8yDDhy+2UeNlj0iC3S6JTcXeH3G6JLtzuPrl9Et3U9QK5A0+6W3YvyFk9EZWKpLztkx5rU2V5xyev40wR8q5P3rSYmspjn4iaxl7e40mv9R6CvLddQfgeqrzv6fc1e8Llyac/zO+Jkw88vUpzb6o83Y6B20tcxXzyMW5vsTz3yaeWvQtioac/z+9tkT90ut9I1FBHTg+E72uQjbIbLNg3Ix9t92Vo35J8nN2Q
__ART__ppmcQqLdMNVMTYFnN1JghlJItRsdMrNQyLATaO5HK2TajVH3kxSy7MYL9oco5NpNDO2PVsgWEyoe4CkUSUziDmQplElMZRzgK9yUmO450KBwS2JG0bxD4bbELM68T+GexFyGuVDhocTXHvNFhUcS84oW0uueSHzDWaisa5f4nmGBXPdS4r8eC7N1ryQWFC2d172V+IGzJK77IPEzw5K97rPErx7LqHWnvkgsKlrx1o1K/MZZZa2bkPiTYcVfNy3xt8eqYd1XiSVF6Fj3n8QyDvrW/ZJYyQDhur8S/3pgcd0/CTEla2lFCUlxvLWK4hrJVReskYprJSVeW5sprpOUVLJxVtwguRpvQ1TcLCl1wYatqCq55rVNlOI2SWklW56ilqSMjU2mok6bTLxtsaJ+m2yrbb2iYZuontsUTdrkbOx6Ffe2ycfbCRQP
__ART__tCm02i0oWrWJOltSybZN0cZeWcmxTSneHqHk2ra+1d5UCdsmKnJ7JY82ZRsHgpJ328Z4B7qSX9umVodIJUqbqN0TlYLaVGwcM5WYbVviHYuVuG1bWx3rlcLaRJXfphTRpmbj1Kt0tE093kmgdKJNo9VpQSm2TbQDkusT2jRtnJXXn2nbHu+MWJ/StqPV2XR9eptoHOzXX2xD2LgQ1l9p0453oa/PbtNpdYlcn98mWozE9YVtSBvXzPWlbXrxrsXrK9r0W13r11e3iWakbX1dG8rGrXf93TaDeDfB+gdthq1uC+ub20TbIrnhcZuRDVp5w7M243g0YsOLNpNWtOmG7jbR4NhveNNmaoMhbHjfticeQ9/wqW1vKyZyw2CbaIUSN4y0mdlgMzeMt+2PxxZvmGo70Iqt3zDXJpqmtg3f2yxs3Hs3/GyzjHcX
__ART__bPjTZtXqvrBhpU20V5LKq55a2+CUlaWe2sTjEMqyT21bcabKCk9FI2avvP6pvQ2eoLzpqUM8nq689aljKz5SWeOpaNkSlXc8dbbxyFTWeeoS71GsrP/UtdWjXtnwqWju2pRNnqJtPHuV9z7FxHsKlA88xbZ6LihbPRVtoORG26c4G4JQ2SEJf4igudElyaOWYLQRk+T5jWC9EZ9EMBbto1eS1yEv6kbfJO9ar/CN5CSfb15xGwOTiMai0WQk+R7yLtjISfKr9a7ZGJrk/827ZeOhJJKxaEmPJJEP+QxtPJ5EqfWZ3xiTFPBNxEnxSVRj0bwmJQUeImpuSk4KqiUabUpLon0jWm+6kEQ3Fm3u5STGIV/qpmtJzFrf8E15SaxvvnGbbiSxjUVDXJLEOeRXsKk8iVvrV7OpKin4m1/LptqkEGPROt9JCj3k
__ART__P7TpflJYrf/8pqakg99EW92aFG5MUtz8NOnQIZLm5udJEbUko81dSYe/iQb8dVKkMRm3+dS7pCOHyLmKfQ5Hb5BDNvc7HBsmR28ecojaTkndLHA4HkjJ3Sx0OHGDUrl5xuHkMKVx87xD9PaAzs0LDjGBAf2bFx1ibwTMbF5yODUcsLRZzDFuO3VGWUIqHk9VUVkjlXCBilRZK3X6NdVMZZ1UolKgs8oGqSR8IFFls9SZC4FsFVWps68Do1S2SfGUgngqWlLJ+KAsFV2plAtBfJWdUudeBzWo7JJKVaJ1qOyWSsPT+lT2SaVfoAlVzKXOv6YtqoBUhhJdeoud1AU8XWWLk9TFC3TkFjepS6/pZlvcpTKVGM5bPKUu4xnELT5SVy4w2Fv8pa6+ZkRtCZDKUmJSVYKeZSkRMrYwzlw7xCzYwjmTXcus2RJ6
__ART__JuebCE0Onck1ZvVsOXIm7xBraMvxM/m1rPktyQ7Xh1lLW+IcC7az5bYmOt4IZKtt5TkW3mCjtqY6Fg2zLbZmOBZv56C3ZjqWBHJIW7McS29wQrbmOpYNc6K3Fjjyt3NTtxY7lgdyc7fyHStucCu3VjreHOY2bq1xrNwe3Lm13rEqMLh/a4Nj9Y3gma2NjreGg5e2tjjWbA+RU21zrA0MUVPtcKy7EYJS7XS8PRxioSouVa8U6qz6VuoOPpSoWvb0TnwoXfXTMxEtRaoOPrsnHpaoOvKswSYsU3X82f34sGLVqWcihKpXnXv2UPxgm+r3Z402B3tVfz5rij8oUP3zTMRVC6orzx6Jh0uqrWpvsQlXVpNqb40PR6jJtotgy1RNof3Ja3drNaWzbcaHcGobzz49dIiqtuXss9pD4WrqZ9u/iUBs+9kO44gM
__ART__Ne2zzw9FFKjpnX1RG1GjZrDmynBEo5qRU+f2w51qpk5dgYf71cycFjMOC9XM1/i3Hq5Xsjz76puI3GzO9hhH4hTtnV4HRqqpOzu9uRGJUkc7vR2OVN7qvqZX6Yizuuead/gjRHWfNe8vHGGr+6/58PpIlHrAmj6lozx12pqP+KNZ6qw1ny4c5asHr/n8+miD+sE1/UrHOtQPrxnAH+tTP9Q2EH9MoH6iXUSDC+qx7V/EoyQ1EtqHbKKUNc60D8dHITRS2kWIaKqR3j4qftxe42K7wOY4QeNK+1j8cbpGdruIGyM18tsnxE8kahS2C21OZGqUtk/GnyjWqGgXwWS9RnX7tPjJNo269hmbk70ad9tn408KNB60iwhzQeNUc/tX8WjJbY/b522ilbc9a/8WH43Y9qJdxJ2m27rb/xOPsd/2pn3BJoaw7X37
__ART__j/gY+rZP7SIWjdw22P5LPDZx20j7ok1s5rbx9t/xscXbptpFgFq/ba79r/iptm3f25dsTvVu+9m+HH9KsO1P+0pt7Py25bP/vongVZwnZhKnqLmaJx4Rp6kpw1tVJ0JZeZ7E9zhrTSWepEk8TnMjb3VEPFVzC0+qTsS36rw13+PjNLfzpE0SMjS1eTIRCQWaejzZOhH0GvDWfk9o0TTmyZmc7tHcw5OPOD2kuZ+nUCciYUveuu8ikbPhKZokKm534ClFJGpud+GtrxPhMYa34Xui9XY8T9kkCbfdi7cxIom63Ze3qU7EzGTe5u9JcdsDeSomZzK2M3hbIs4UbOfwttaJQDqUp/r9TMv2Qzw1k7M924/w1CPODm0/ztOoE9F1DG/bd5ExxvM0TXiKO5J42yN4mjuSeTvqRMidxtP6zrPecYGHMEnG7bjM
__ART__045Ipu64xtOpE3F4Hk/3e3Lcjhs8pElKxo4Snl5ESsGOcp5+nQjOq3g7v6e07KjloUzO9ey4wzOIEKH6fZ5h3bn5HU28Xd9FatrKMzJJVdR6yjOOEPH7c55JXaqRVhdv9/dUa63XPFOTNJzWO96eCBHUf+TtrUsL1xrg7fueFqc1zDMzSc/QGuPtjxCR/iTvQF16jdYsz/x7eovWN56FyfkerR88ywgR/v/mWdWdn9da5sF3kQOLJ1ubZCgiVifbRIicQCbZti7DCCGfbPc9wxqhlGxvcgGH2JjsECEShS3JjnUX7BFqLk4jF6IRmi7OOy6mIhAuLkEXcxFIF9fCi5UIlIvbyMVGhJELeselToSpCyboUj/CzAVbeGkGYeHiPnJpCWHtgtuRKadt74IPylTTdnbxKMxEaaNdPEcyLbRxLoQdl9HaBBev
__ART__oMskbaKLd+HlYk1/GZ83l6O0A2SI66/wtGkyvh5XsrRZMn4Xr/C1g2X831xp0D4oQ1p/tUP7sAzZ42qf9jEZysWrQu2TMgFvri5qn5Khrs+S1jktE+iRpaJzViboYhZS55wM7U2Wmc55Gfr6a846l2QYHteIOldlmBevsXVyZFhvrkXpXJdhr8/m6RTJcDyys3TKZLgXs/k6N2WC32Qvbqt+Hrwqp03nVN1zkfv06tx9HpqQI9B58Dzscc6CTvPzg6tyJXUfPxcJkbLus+eHEnIRui+eRzzONdXtfn54VZ697pvnIksi6L5/fiQhzxnxMfloXV647kDyse95cbrDyVEm+Rm6Y8nHI0QGNZl8oi6/Rnc2+eT3/Bbdb8nRJtd7dH8kx0SItOp3cmzd9Xnd5eRT36+LIcVT4kwKFJGrU+IjRK4lk5JQV2CE
__ART__lE85/b3AGqmUkmhyA4fcmJIUIRKwLSln6m6EI9VTzn6/EYfcnsIzKcxAaqckR4isTC8lpa6wBmmQcu57YQvSOCXVpKgHuSclLaKoQdfMNT3hghBpLnv+TdEiEmQz1hdL69nJXvAoVtFzkr14sRip5yZ76U2xmZ67bOb6Eme9gOeZtiUEPe8XlxNK6Hp+L0RuF6lHeXF1VWmiXtCLLNvSTD3mi2sJpcV63Bci4avXC3uRs6qsTS/iRa5tWa/e0Rd5CWUCvRMvRBa4oBf74voqvqR+wosCW76y/pkXNxL4CP2UFyI1NNVPf1G0qtxe/+KLYttygv6VFyUJ5XT97Belj8sj9fNflK2qSNQvfMG3rcjU/5BcHlFRoF+eUlEnksgYl5sjFY36Na6VO2526te7VgXd7NdvcK0uvDmj3+h6a+Tmkn6La82OSrmd
__ART__ba61QZVqOztc6worUTs7XW+PVFrs7HGt31GF3tnreieoirSzz/VuYVXIzn7XeyNV0TuHXBt2VKfuFLjet03L2jkh++BiNX/ntOzDN9UNO7/KNq6/1bHzP9kmj1t9O3/JNl+8Jdz5V/bRm1uLO//JtqyvkUZJnDtnW6OMknopUlgESvbl48c1piiFtXPfaqxRSi9xO2oVt29Y+9SjlojavPbZxdrKbVtfPntcG4nSeNm+qi4RteNlh21diJ72uecRdQUovXMv6kTqa3Du5fe6FpTxuU6T2z2oPee6Im4Pofaf664T+bDluVffb4sZ2JzrMalXNHA49zqiXtPA5dybOpEkOzu/Ham3MMC59e64gzYguL0LukMyILq9L7wTYkBy+zByJ9qA6ta3426qAd3tY9DdXAO226fCu5UGIW6fR+42GoS79e+412kQ
__ART__6TYQdK/fIMptsPDejEG025eRe0sGcW5DOxrkDBPdhoMa1Ax5biOFDSjDVLfRkQYLwww3wY77aMNMt7Gg+yTDLLfxwvshhqdy3SZG7kcbFrgJdzxINSx2mwx6kGvId5sqfFBpWOk2PfKg0bDGbWbHw07DerfZoIf9hg1uc4UPZwwb3b6OPFwybHGb39Eot6vN7VtQo9quDrfvhY2oXZ1u/400WuzqcVvY0YTe1ev2I6iJtKvP7WdhU8iufrdfI03Ru4bcFnc0p+4SuP0Oas7dJXT7U9hcuWvG7e9Ic+OuebelHY86dy24LQc96t+16LZS+Ghm15Lbv5FHS7vE0GJaLXJGkmhxWouakTR6VVELykgOLTHaYmGkiJbUakUbKaNX01pJRipoqaLWECM19JrR1mgjTbS01uNUIwRahvY41wiJli16XGmEQq8d
__ART__fdxoZISW03rSaWSKlqc96TcyQysUPZkxskCvG32yZGSNVtRqkzO2RyvR2tSMndHri9pQxmj0htE2C2McWlnrKdqYgN5Ie0oyJqI3FT0NMSahN48+jTamolW0nqUa09FbaM9yjdnorUXPKo1D0KqjzxqNw9FqWu2dxpFodVp7v3EUWqOofcY4Gr1ttH3JOA6tqdUhZ5KI3k7rUDPhoXcUdaBMUtFaox0WJhlohNZztEkmWpv2nGSShdYpeh5ikovWHX0ebVKARmq9SDUpRuvRXuSa8NH6RS8qTSrRO0dfNJrUoFFaLztN6tEGtJf9Jg1ow6KXMyaN6F2jL5dMWtBGWp1yu9vQxrROtd0daJOiTtTuTvTu0U6L3T1oU60u9O5e9B5aF2l3H3pvUVfI7n70vtGu6N1DaDOt7tTdAvR+WnfubiH6QFF35e4Z
__ART__tPlod+PuebSF1qvO3QtoS9qr/t2LaKuiVzO7l9Aw+mpptxjGWqtHzlQSY0PrUTOVxtgW9aBM5TB2oz0WpooYe63XaFNljAPtNclUBeNY9DrEVA3jNPo62lQT46z1JtUUgXGhvck1RWJci95UmqIwbqNvGk2NMGitt52mphgM7W2/qRkGW/R2xtQC4z76dsnUGoPT6pXbY4/B03rV9jhjPIp6UXvQGM/RXos9OAxB6x16DwHjRXtH2kPEeBe9C9lDwviMvoveQ8UQtd6n7qFjfGnvc/ewMX5F7yv3hGD8R9837gnHkLQ+dO6JxJBpH/r3RGEoRR9m9kRjAkY/LO2Jw1C1+uT2JmICaX1qe3mYoKI+1N5UDG20z2JvBoau9RG991QmhkH7SNqbhWEWfQzZm4thjX6M3luAYWt9St1bjOHQPuXu5WO4RZ8q
__ART__91Zigkc/Ne6twYRofe7cW48JpX3u39uACSv6PLO3EXNw9PPS3hZMuFa/3L42zCFav9q+DkxEUT9qXyfm8Gi/xb4eTKTWAHpfL+YIbYC0rw9ztGggZF8/5tjoQPS+IUyU1mDqPgHmOG0wd58Qc6JosHLfDObk6GDjvnlMtNaXzn0LmBjal/59i5jYoi8z+5Ywp0a/LO0Tw8ZpDcmZSWLjaUNqZtLYhKIhlJkc9vTokIWZIjZRaxhtpoxNog2TzFSwZ4qGQ8zUsGdHh6PNNLE8rZFUMwQ2mTaSa4bEphSNVJqhsOdGRxrNjLCpWqOdZqbYNNpov5kZNr1odMbMAnt+dHTJzBqboSWQ22+PvUATqO13xl4sEqD2o7GXRgUW+3HYTK0x9H4C9jJtjLSfiL1SNBayn4S9OjoWvZ+KzdIaT91Px16jjefuZ2Oz
__ART__i8Yr94dgc0bHG/eHY3O1Jjr3R2LzaBP9+6Ow+UUTM/ujsddHJ5b2x2ELtIRyBxKxN2hCtQM8bGGREHUgFVs0KrQ4kIEt1ppEH8jEltAmSQeysKVFkyEHcrFlo5PRBwqwfK2p1APF2HLaVO4BPraiaKryQCX25uhU44EabKXWdOeBemwVbbr/QAO2umh65kAj9tbo9NKBFmyN1oyceRu2ljajZt6BrSuaQZl3Ym+PzliY92DrtWbR5r3YO7RZknkf9m7RbIh5P/be6Gy0+RC2QWsu1VyAvU+byzUXYh8UzVWaz2Afjs41ms9jG7W+dpovYJtoX/vNF7HNRV9nzJewj0a/LpmLubdozctZSLq30ubVLKTdHxfNoyzk3J+MzltYKLq3aX1DWyi7P6V9I1mouD8r+hZioebePvot2kLTvUPre6oFwv057Xuu
__ART__BdL9RdH3SguU+8vR740WRu6dWv91Wpi6d9H+67cwc+8u+m/GwsL91eh/SxbW7j1aC3KW9u6vaQtqls7ub4oWUJZo97ejCxaWOPderR9oS4L7O9oPkiXR/X3RjxBLkvuH0R/RllT3Pq2fqZZ094+0n7mWbPdPRT8rLUPcP4/+bLQMd+/X+tVpGek+QPvVbxnlPlj0a8Yy2v3L6K8lyzj3Ia1FOatE92HaopoVz32kaBFldSrVfXR00cIqw12g9Rttlek+RvtNsspyHy/6HWKV6z4x+jvaqsBdqPUn1arYfZL2J9eK7z5V9KfSqtJ9evRPo1WN+4zW306revdZ2t9+qwb3uaK/M1aN7l9H/y5ZtbjPay3JQZv7N9qSGnS4fy9aQkGn+3+jSxbQ476gtYyGXvcftGUS9Ln/LFoOgX73X6PL0TDkvqi1kgoC
__ART__99+0lVwQuv8pWqmEGfe/oyuNMO++pPWvExbcl2n/+mHRfaXo3wwsuf8b/bcEYjgxhJi8tSROnC6mbi2NW1UsZmAth5MQiFlaK+IkEeIYa2Xcaro42VoFJ1UsHmqthlsjEI+x1sRJI1alWSNwMvRVedZInGzxqiprFG6tYFWTtRFODiHRZW2Kk6dLDFib4RSKJWatLXDrBBLL1tY4RYSkvI09TokuqW7jjFtfLGlgg8ZtEEha2uBwyojVGBsCbiN9NdmGiNtUvDrUhoTbLFgdY0PFqSCk0mzouC10qTwbNm5rsVSVTQhOVSDVZBOOU0Os6bKJxKnT1wzYROE0itfM2kTjtgnWLNvE4TQR0vK2ibjtdGl1Wx5uR7G0gW0qTksgbWmbgUMgZDC2mThtugzZNgunUywTapuL0xXIxNgW4JAI2TTbYpweXTbP
__ART__lo/TL5atsq3E7RTINtnW4FCItV229TgD+toB2wacYfHaWdtG3C7B2mXbFpwRQk7erg1nTJdTt+vAmRTLGdh14nYL5CztenCmCHmMXS9uD12ebNeH21ssH2rXj9snkI+xG8KZIRTS7AS4/XSFPDsh7kCxQpXdDM5coNBkN4+zQKzrslvAWdLXDdgt4qyK183aLeFAsG7ZTgxvjVCUt5fE29AV1e2l8bbFigb2cng7gaKlvSLeHqGEsVfGO9CVyPYqeMdipVB7NbyTQCnGXhPvjFifZo/Au9DX59kj8a7F66vsUXg3wfomeyM8GrGhy94Uj6FvGLA3w2OLN8zaW+DdBRuW7a3xOISyvIM9Hk9XVndwxnsUKxs4oPGeAmVLBxyegNiIcSDgvegbyQ5EvHfxxlAHEt5HsDHGgYonIjalOdDxvvRNeQ5svF/x
__ART__piqHELy/YFOTQziehNjc5RCJJ9M3DzhE4SnFm2cdovEBgs3LDnF4KkJF3vFUIj6QrqLuyMMHFasYOKbiaQIVS8cMPB2xBeOYiWfQt5Ads/DM4i2hjrl4lmBLjGMBno3YmuZYjOfQt+Y58vHc4q1VjpX4YMHWJscafAhCtcuxHh9KVx1wbMCHFavOOjbiDwpUlx1b8OEINXmnNvwhupq6Uwc+oljNwKkTf1igZunUg49EqGOcevFH6Opkpz780WL1UKd+/DGBeozTED4KoZHmJMAfp2vkOQnxJ4o1qpxm8CcFGk1O8/hoxLYupwV8DH3bgNMiPrZ426zTEv6UYNuyk5hHHEJT3lnSI56uqe4s7ZFQrGngLOdxWqBp6azokYjYjnFW9kiibyc7q3icKd4e6qzmcVawPcZZ04OH2JHmjPBIpu/Ic0Z6pBTv
__ART__qHJGeZwT7GhyNvJIRWh1OZt6pNG1BpzNPNKLtWadLTzOC7SWna09MhAIeRd7jwt0hLqLs8fFYoSBC9rjkgBh6YLzyERoY1wIHpfp2mQXoseVYu1QF5LHVYF2jAvVIwuhk+ZC97hG18lzYXtkF+tUuYR4iMS6ySXcQ+TQXS6RHnl03QGXKI/8Yt1Zl2iP6wLdZZc4jwIEUt410eMGHanuyvMoLEYauKZ6FAmQlq4ZHsUIPYxrpofIP8muWR4i1Qx1zfUQWWWMa4GHSCDTXIs9RK6Y58r3qCjWr3Kt9Lgp0G9yrfGoROzscq33qKLvHHBt8Kgu3jnr2uhxS7Bz2bXFQ2Rk8m5tHrV0lLpbh0ddMcrArdPjtgBl6dbjUY8wwLj1etyhG5Dd+jzuFhuEuvV73BMYxLgNeTQgDNPcBB736YZ5bkKPB8WGVW4z
__ART__Hg8Fhk1u8x6NiF1dbgseTfRdA26LHs3Fu2bdljweCXYtu4l5tiCM5NGSnq10I3W0tOfjYiMDtJznE4GRJVrRsw1hjEErez6lG5PRKp7Pio1D0Wqe7QLjGLSmZwfCJA2N8HxON8lDIz1fFJtUoVGeLwUmTWgjz07E7i60qWcXffcA2syzu3j3LNrC85Vg9zLa2rMHYSqPsfd8TTdVxzh7vik2NcCgPd8KTC0xOM9exB4MhuD5jr6HjCF6vi/eE4oheX4Q7InBUD37EHvTMHTPj/S9eRi256fivVWYEM/Pgr1NmHDPfsS+Lkyk5wB93wAmynOweN8s5lS05xfBvmVMnOcQwkwem+g5TDdTx/I8R4rNDLCpnqMCM0tshqcAsR+DzfQco+8nY7M8x4v3h2JzPScE+2OwBZ5CxIE0bLHnJP1AHpbvOVV8oApb
__ART__6TktONCErfGcQZh3Yes9Z+nmA9gGz7li81lso+dXgfkytsVzHmEh797m+Y1uoe7e4fm92MLAvdPzP4GFpXuP5wLCEuPe6/mDbkl27/P8WWwZ6t7v+UtgGeM+5LmIsEpzF3j+plvluQs9/xRbVbnPeP4VWDW5z3suIaDLfcFzmQ4D7oueK8Uw677k+U8Ay+5iBDFta3mcJEGcYa2OkyasKrE2wMkRJMasLXGKBEltGwxOmbCaYUPGqRCkSmxCcWqENWM2MThNgrS2bRoOQZBh2ObhkATZEtsqHIqwdsy2CWdEkNO268KZEuQZdgM4M4JCid0szoKwbsxuGWdNUNS2l8fbE5QY9up4Z8L6EnsDPJqwYczeEo8jKGs7YPAEwkaGAxlPJGwqcQjFkwibxxxi8FSCirZjGp5O2MJwzMOzCVtLHKvwIQTVMccm
__ART__fDhBTdupCx9JUGc4DeCjCBolTrP4aMK2MadlfBxBU9tZ3iORsJ3hrO7BI+wocTbwSCVojTlbemQQENouGI9MgjbDheyRRdApcQn1yCXojrnEeBQQkNquaR7FBD2Ga54Hn6Bf4lrlUUnYOeba5FFDQGm7dXnUEwwYbgMeDQTDErdZj0bCrjG3ZY8WgpE2Wt6zjWDMQKt7dhBMStAGnp2E3WNoS88egqk2BuPZS9jDwJA9+wh7SzChnv2EfWOYGM8hgpk2Ns1TQNjPwOZ5CgkHSrBVnjME8zFsk+c8wULbvctzgWDJcB/wXCRYlbjPei4RYMx92VPMy1obJ0+Q9LJh4NQJ0l62JTgDgpyX3RjOkqDoZa+NxxCUvRwYeDJBxcuxBB9KUPNyGsPHEDS9nLU90ggILxeGRx4B6eVa4lFFQHm5jXk0EYy80Nqe
__ART__XQRTLwzDc4Bg5oUt8ZwlWHi5j3kuE6y9cNoEeS97LzyDoO7l7OVRQjDwQnt5jhEsvXBeBG0vjBfBy4vhRfYienmXeIV6kbx8xrxivKheRG3vNC+6ly/DO8+L7eVX4l3lFeLlP+bd5BXuRdL26fI6FelFZvgMeEV5UUp8Zr2ivQLGfJa94ryo2kR570SvQAZR3ZvnFVRCNPBO9aKNES29M7zo2r4Y70wvBsOX7J3lxSzxDfXO9WKN+cZ4F3ixtf3SvIu9OAy/PG++F7fEr8q70it4zK/Ju8YrRNu/y7veK5ThP+Dd4BVW4j/r3eh1cMx/2bvFK1ybJO/T5nWIQVL36fCKKCEZ+HR6HR4jWfr0eEVqkzE+vV5HGGSyT5/X0RJyqE+/17ExcozPkFeUNiXNR+B1nEHJ8xF6nSihVPnMeJ0cozT5zHtFawd0
__ART__+Sx4xTACBnwWvWJLAmZ9lrxOjQUs+4h5x2lT5YmS3vEMqjpR2juhhGpAlPM+PUa1JCp6J2oHYojK3kmMQDJRxftMSWAoUc377FhgDFHTm6cdlEZEeCczgvKISO+UkqAqIsr73FhQE9HIO1Wb1kU09U5j0AaIZt7pJbRZooX3+THaMtHaO0ObLu9r732BQVf3dfa+WEI38EV7XxqjW/rivDO1GRhfgvdlBoPsS/S+UsII9SV5Xx1jxPhSvbO0mWm+dO9rDGaeL9s7u4RZ5RvinTPGbPIN987VZnX5RnrnMVgDvlHe+SWsWd9o7+tjrGXfOO8Cbba8X6L3DQZb3Y/nXVjCNvBL9S4aY1v6ZXgXa3MwfpneJQwO2S/Lu7SEE+qX6102xonxK/Dma3PT/Iq9yxncPD++d0UJt8qv0vvmGLfJr8a7Uju4y6/e
__ART__u4oRPODX4F1dEjzr1+h9ayx42a/Fu0Y7RN6/zbuWEaLu3+FdVxJi4N/pfXssxNK/x7teOxTj3+t9hxFK9u/zvlsSGurf731vLDTGf8i7QTsszV/gfZ8Rlucv9H5QElblP+P9cCysyX/eu1H7YJf/gncT4+CA/6J3c8nBWf8l70djB5f9xXxatMPlSZI+rYxwdZK0z+OScAOSnM+TsXBLkqJPm/YhDEnZ5ynjEJmk4vOs5FAoSc2nfexQDEnTp0M7Io2E8HnOiMgjIX1elERUkVA+L8cimkhGPp3ah7tIpj5djMMDJDOf7pLDsyQLn1djh5dJ1j492pHyZHuf14xIdbKzz5uSSAMy2uftWKQlGefTq30EQyb4vGMcIZOJPu9LjoSSST4fxo7EkKk+fdpH08h0n4+Mo3lkts+nkqNV5FMhPp/HjjaRw336
__ART__tY91kSN9BhjHBshRPoMlx2bJ0T5fxo4tk+N8hrSj5CmJPsOMKHUKz2ekJMqAkuozOhZlScnwEWgfx1AyfcYYx8mULJ/xkuOhlFyfibHjMZQCH6H2iTRKsc8k40Qehe8zVXKiilLpMz12oolS4zOjfbKLUu8zyzg5QGnwmSs5OUtp9Pk6dnKZ0uIzrx0tH9Dm840RrR7Q4fO9JNogoNPnv7Foy4AenwXtGExAr88PRgw5oM/nZ0lMaEC/z6+xmJiAIZ9F7di0AIHPb0ZsXoDQ509JbFXAjM/fsdimgHmfJe1TXQELPsuMUwMBiz4rJadmA5Z8/o2dWg4QI4rpxMlTJYnizDh1qjRxVWmcAVWOKDEeZ0lVJErqxGOoysTVzHgyVYUoVRofSlUjrhmPj6FqEqV1EtKoCKIMMyGPiiTKliZUUVHEteMJTVQj
__ART__opzO6S6qKVGeeXqAakZUKD09S7Ugrhs/vUy1JirqJMoH2hOVmInqgc7E9aWJBoFo4obxRMtAHFFZJwkTSCBuZCaRA4nETaVJoYEk4ubxpJhAKlFF50xaIJ24hXkmL5BN3Fp6piowhKg6fqYpMJyopnO2KzCSqM48OxAYRdQoPTsbGE3cNn52OTCOqKnDkw9KJG5n8tSDeMQdpTyDoFSi1jjPMiiDiNBJxgRlErWZyeSgLKJOaXJoUC5Rdzw5JqiAiNRJSQsqJuoxU/KC+ET90pSqoErizvGUpqAaIkrnXFdQPdGAeW4gqIFoWHpuNqiRuGv83HJQC9FIJ1We1kY0Zqaq0zqIJqWpBrRO4u7xVEtaD9FUJw1D6yXuYaaRaX3EvaVpobR+4r7xtBjaENFMJz2NJiDuZ6bn0YTEA6XpVbQZovl4ehNtnmih
__ART__c76LtkC0ZJ4foC0SrUrPz9KWiDB+fpkm5mutkyFPl/S1YWao06V9bUszDOhyvnbjGZZ0RV97nQsYurKvA/MCma7i61h6IZSu5us0fiGGrunrrHMxjY7wdWFezKMjfV1LL1bRUb5u4xeb6Ea+aJ1LXXRTXwzz0gDdzBdbemmWbuHrPn5pmW7ti9PJlGfY++KZmeoMZ1+P0kwDBtrXczzTkoHzJehcxjAIvl7My2QG0de79HIog+TrM345hkH1JepcSWOcovv6Mq/kMdi+fqVXqhghvv7jV5oY4b4knatdjEhfMvPqACPKl1J6dZYR7RswfnWZEedL1cmSZyb6BjKz1Jk836DSLANmqi9tPMuSmeFL17mGYWb6MpjXyMwsX2bptVBmri9r/FoMs8CXrZOdxiz25TCz85h8X25pdhWz0jd4PLuJWeMbopPT
__ART__xaz3DWXmDDAbfMNKc2aZjb4Hx3OWmS2+4Tq58qw230PMXHVWh29Eaa4Bq9P38HiuJavHN1InD8Pq9T3CzCOz+nyPluaFsvp9j43nxbCGfKN08tNYAt/jzPw8ltD3RGl+FWvG9+R4fhNr3jda53oXa8E3hnl9gLXoG1t6fZa15Htq/PoyS8wvTqdAni3pF88sUGdL+yWUFhiw5fxOjxdYshX9EnVuYNjKfknMG2S2it+Z0huhbDW/s+M3YtiafjydwjQ2wi+ZWZjHRvqllBZWsVF+58YLm9hGfqk6RV1sU780ZtEA28wvvbRolm3hd368aJlt7ZehUyzPsfe7wCxW5zj7XSwtNuCg/S6NF1tycH6ZOiUYDsHvMrOEzCH6XSktCeWQ/K6Ol8RwqH5ZOqVpHLrfNWZpHoftl11aWsUJ8csZL23ihPvl6pR1
__ART__cSL98phlA5wov/zSsllOtN/18bJlTpxfgQ5fnpvod4PJV+fy/ApL+QbcVL+icb4lN8OvWKccw830K2GWk7lZfqWl5aHcXL+y8fIYboEfX6cijVvsV86syOPy/SpKK6q4lX43xyuauDV+lTo3u7j1flXMmwPcBr/q0puz3Ea/W+M3l7ktfjU6lfLBbX61zEr14A6/utJKg+BOv9vjlZbBPX71OlWY4F6/O8wqcnCf393SqtDgfr9741UxwUN+DTrVacECv/vM6rxgod+D0uqq4Bm/h+PVTcHzfo06t7qCF/yamLcGghf9mktvzQYv+T0av7UcLObfolMjHyLp38qsUQ+R9n9cWmMQIuf/ZLzGMkTRv02nFhOi7P+UWUsOUfF/VlobGqLm3z5eGxOi6d+hU5cWgvB/zqzLC0H6vyitqwpB+b8cr2sKMfLv
__ART__1LndFWLq38W8PRBi5t9dens2xML/1fjt5RBr/x6devlQe//XzHr1UGf/N6X1BqFo/7fj9ZahOP9enTuYUIL/O+YdcijR/33pndDQUyT/D+N3YkKp/n06d9NC6f4fmXfzQtn+n0rvVoWG+H8ev9sUGu7fr3OvKzTSf4B5byA0yn+w9N5saLT/l/F7y6Fx/kM6DfJhif7DzAb1MJ7/SGmDQViq/+h4g2VYhr9A5z4mLNN/jHmfHJblP156PzQs139i/H5MWIG/UOdBWlix/yTzQV4Y33+q9EFVWKX/9PiDprAa/xmdh11h9f6zzIcDYQ3+c6UPZ8Ma/b+OP1wOa/Gf12mUP9jm/43ZqH6ww/97aaPBwU7//8YbLQ/2+C/oNGEO9vr/YDaRD/b5/yxtCj3Y7/9rvCnm4JD/ok5z2kGB/29mc95Bof+f0uaq
__ART__gzP+f8ebmw7O+y/pPOo6uOC/zHw0cHDRf6X00ezBJf9/44+WD4qRxHRb5MMlSeKsFvVwadKqshaDcDmSxESLZbgiSVK3FROuTFrNaiWHq5CkylpDw9VIayZaY8I1SdK6j9PCESQZ1uO8cCRJtuxxVTiKtHbicVO4EUlO90lXuClJnvVkINyMpFD2ZDbcgrRu4slyuDVJUbdN/pA9SYnVpn7ImbS+rM3gEJq0YaLN8hCOpKz7FHOIQNrIeko+RCRtKnsaeohE2jzxNOYQlaSi+yztEJ20hfUs7xCbtLXsWdWhEJLqxLOmQ+EkNd32rkORJHVW+8ChKJJGWfvsoWjSton25UNxJE3dDvmIRNJ2Vod6BI+0o6zDICKVpDXRYRmRQULoPsdEZJK0Wc/JEVkknbLnoRG5JN2J5zERBSSk7ou0iGKSHutFXgSf
__ART__pF/2oiqikrRz4kVTRA0JpfuyK6KeZMB6ORDRQDIsezkb0UjaNfFyOaKFZKTbKX+4jWTM6lQ/3EEyKes0ONxJ2j3RaXm4h2Sq24U53Evaw+oiH+4j7S3rCj3cT9o30RVzeIhkptuddlhA2s/qzjssJB0o6646PEMyn+huOjxPstB91XV4gWTJejVweJFkVfZq9vASCSZeLR8WI1vr9shHSpJtWD3qkdJk27Ieg0g5st1Ej2WkItle9zUmUpnswHpNjlQhO5a9Do1UIztNvI6J1CQ7675Ji0SQXVhv8iKRZNeyN1WRKLLbxJumSCMyWvdtV6QpGcN6OxBpRsaWvZ2NtCC7T7xdjrQm43R75Y/Yk/GsXvUjzmSPsl6DI2iy50Sv5REcmaD7DnPkFIHsxXpHPkIke5e9Cz1CIvtMvIs5QiUTdd+nHaGTfVnv
__ART__846wyX5l76uOhJD9J943HQknk3Q/dB2JJJNZHwaORJEpZR9mj0STAyY+LB+JI1N1++SPJpIDWX3qR3nkoLI+g6OpZNpEn+XRDDJd9yPmaCaZwfpIPppFZpZ9DD2aS2ZNfIw5WkBm635KO1pM5rA+5R3lk7lln6qOVpKDJz41Ha0hh+h+7jpaTw5lfR442kAOK/s8e7SRfHDi8/LRFnK4br/8sTbyIVa/+rEOckRZv8GxTvLhiX7LYz3kSN0BzLFe8hHWAPlYH/lo2UDosX7ysYmBmGND5CjdwbRjAvJx1mDeMSH5RNlg1bEZ8smJwaZj8+Ro3S9dxxbIMawvA8cWybFlX2aPLZFPTXxZPiZGidMdko+SpMSzhtSjpCkJZUMGUXKU0xNDllGKlETdYUyUMiWJNUyOUqGcKRsOjVKjnJ0YjonSpPB0R9Ki
__ART__EJRk1kheFJKSUjZSFYWinJsYaYoyoqTqjnZFmVLSWKMDUWaU9LLR2SgLyvmJ0eUoa0qGrkD+uD3lAkugftyZcrFMYHAcTbk0IbA8jqNk6o5hjhMol1lj5ONEypWysdDjJMrVibGY41RKlu542nE65RprPO84m5JdNl51PISSMzHedDyckqs70XU8kpLHmhg4HkXJL5uYPR5NuT4xsXw8jlKgK5Q/kUi5wRKqn+BRCsuEBidSKUUTQssTGZRi3UnMiUxKCWuSfCKLUlo2GXoil1I2MRlzooDC151KO1FMKWdN5Z3gUyrKpqpOVFJuTkw1naihVOpOd52op1SxpgdONFCqy6ZnTzRSbk1ML59oodTozsifbKPUsmbUT3ZQ6spmDE52Um5PzFie7KHU685iTvZS7rBmySf7KHfLZkNP9lPuTczGnByiNOjO
__ART__pZ0UUO6z5vJOCikPyuaqTs5QHk7MNZ2cpzTqfu06uUBpYn0dOLlIaS77OntyifJo4uvySbGAFt15+WjJgFbWvHq0dMDjsnmDaLmAJxPzltGKAW263zDRygFPWd/I0SoBz8q+hUarBbRPfIuJ1gzo0P2eFo0IeM76nheNDHhR9r0qGhXwcuJ7U7RRQKfuf13RpgFdrP8Gos0Cusv+m422CHg18d9ytHVAj+6CfIx9wGvWgnqMc8CbsgWDmFPogLcTC5YxuIBe3R+YGELAO9YPcgwx4H3Zj9AYUsCHiR8xMdSAPt2faTH0gI+sn3kx7IBPZT+rYkICPk/8bIoJD+jX/dUVExkwwPo1EBMVMFj2azYmOuDLxK/lmLiAId1F+djEgGHWonosL2CkbNEgNjVgdGLRMjYjQKD7GxObGTDG+k2OzQoYL/sdGpsb
__ART__MDHxOya2IECo+ycttjhgkvUnL5YfMFX2pyq2MmB64k9TbE3AjO7frtj6gFnW34HYhoC5sr+zsY0BXyf+Lse2BMzrLsmfagv4xlpSP9UR8L1syeBUZ8B/E0uWp3oCFnSXMad6A36wlsmn+gJ+li2HnuoP+DWxHHNqKGBRdyXtlCDgN2sl75Qw4E/ZStWpmYC/EytNp+YDlnT/dZ1aCFhm/Rs4tRiwUvZv9tRSwL+Jf8unxKhiSDGFOEmqOFtMI06auoovZhgnR5UQilnFKVIlkeLYOGXqarY4JU6FKsUXD4tTo64RisfGaVKlkavS4xBUGfaq/DgkVZa/qjoORV0rXNUcZ0SVQ0p0x5lS5dkSg3FmVAW+xFycBXWdUGIlzpqqiJRUiLenKrElNeKdqev5kobxaOoGoaRVPI6qjFyNjSdQN7JXU+KJ1E38
__ART__1WHxJOpm4erYeCpVBSmVHk+nbmFL5cezqVv5UtXxIVRVoVRzfDhVDbmmOz6Sqs5eMxgfRdXgr5mLj6ZuE65ZiY+jaiKlFRISqdvZ0hoJPOoOvrRhQipVSyhtlZBBRSBlsAmZVG22DCUhi6rDlwlLyKXqCmViEwqoSKRsekIxVY8tm5/Ap+rzZasTKqk7hbLNCTVUFHJtd0I91YC9djChgWrIXzuX0EjdJVy7ktBCNULKKZxuoxqz5TROd1BN+HKGpzupu4VyVqd7qKZIeezpXuoetjzldB91L18+7HQ/dZ9QPvb0ENUMqZB+WkDdz1bIPy2kHuArVJ+eoZoLFZpPz1MtkOu6Ty9QLdnrBk8vUq346+ZOL1FBuG7ltFigNVJRIVEy0IatqJEoHWjLVzRMlAu0EypaJSoG2iOVsInKgQ5sJUqiSqAjXyks
__ART__US3QSagUm6gZ6Ixcn56ICHRhr89PRAa68tdXJ6IC3YTrmxONAtHIDd2JpoEY9obBRLNALH/DXKJFoLtww0qidSAOqayQdMo+EM9W1khyDvTgKxsmoQM9hcpWSbhAAnIjNokQ6MXeSEkiBnrzN4YlkQJ9hBtjk6iBROSm9CR6oC97U34SO9CPv6k6KSTQX7ipOSk8kITc3J0UGUhmbx5Migqk8DfPJUUHBgg3ryTFBVKRKgpnEgMD2SoaZ3iBQXwVwzOpgTShitWZjEA6cgv2TGYgg72FciYrkMnfEnYmN5Al3BJ7piCQjdyafqY4kMPemn+GH8jlb60+UxkYLNzafKYmMASp2n2mPjCUrTp4piEwjK86d6Yx8KBQdeVMS2A4Uk3hbFvgIbaaxtmOwAi+muHZzsDDQjWrsz2BkUh17NnewCNsdcrZvsCj
__ART__fPWws/2Bx4TqsWeHAqOQGulnBYHH2Rr5Z4WBJ/ga1WdnAk8KNZrPzgdGI7d1n10IjGFvGzy7GBjL3zZ3dinwlHDbylmxoDikpgJPMiieranBkw5K4Gsa8uSCTgs1rXiKQYnI7VieclASezuFpxJ0hr89jKcWdFa4PZanGcRD7kjnIYKS2TvyecigFP6Oah4q6JxwRzPPKCgVqdXNMw1KY2sN8syC0vlaczyLoPNCrRWedVAGEqGQbB90gY3QSHYOushHGCajgy4JEVbJuKBMpDY2mRB0ma1NSSYGXeFrhyWTgq4KtWOTqUFZSJ30ZHrQNbZOfjI7KJuvU50cEpQj1GlODg/KRep2J0cG5bF1B5OjgvL5unPJ0UHXhboryXFBBUikQkpi0A02UiOFF1TIRxqmpAYVCZFWKRlBxUg9bEpmUAlbj5KSFVTK
__ART__1wtLyQ0qE+rFphQE8ZH66SnFQeVs/fwUflAFX786pTLoplC/OaUmqBK5szulPqiKvXMwpSGomr9zLqUx6JZw50pKS1ANEqVwri2olo3SONcRVMdHGZ7rDLotRFmd6wmqRxpgz/UG3WEbUM71Bd3lG4Sd6w+6JzSIPTcU1IA0TD8nCLrPNsw/Jwx6wDesPjcT9FBo2HxuPqgRuav73EJQE3vX4LnFoGb+rrlzS0GPhLtWzonRWpBGCqmStFa2kUaqNO0x38gwVY72RGhklapIa0MaY1OVaU/ZxpRUFdozvnFYqhqtXWgcm6pJ60CapKciaM/ZJvmpSNoLvkl1Kor2UmjSnGpE60Tu7k41pXWxdw+mmtG6+bvnUk9Z0F4Jd6+kWtN6kKYKafa012xTjTRn2hu+qWEamvZWaGqVhqP1Ivdg0wi0d+w9lDQi
__ART__7T1/T1gaifZBuCc2jUrrQ+5NT6PTPrL35qexaZ/4e6vTQmifhXub08Jp/ch93WmRtAH2vsG0KNogf99cWjTti3DfSlocbQhpppCeSBtmm2mk82gjfDPD9FTaqNDMKj2DJkDux6Zn0sbY+ynpWbRx/v6w9FzahHB/bHoBTYg8kJ5eTJtkH8hP59Om+Aeq0ytp08IDzek1tBmkeXd6PW2WbT6Y3kCb45vPpTfSvgrNV9JbaPNIC4XzbbRvbAuN8x2073wLw/OdtP+EFlbne2gLSEvs+V7aD7Yl5Xwf7SffMux8P+2X0DL2/BBtEWmVfl5A+822yj8vpP3hW1Wfn6H9FVo1n5+nLSGh+/wCbZkNg+cXaSt8mDu/RPsnhJXzYnQxPWuFDEm6OMdaI0Oavqrc2jBDji4xaW2VoUiX1LPBZijTV3NsKBkqdKly
__ART__m7AMNfqaSZvYDE26tJ5tegaCLsOxzc9A0mXLbaszUPS1k7bNGUZ0OT277gxTujzHbjDDjK5QbjeXYUFfN2m3kmFNV9SzV7hgT1fi2GtccKavL7c3vICmb5i0t7qAoyvrOWAvEOgbOQ6UC0T6pnKHsAsk+uZJh9gLVLqKnmP6BTp9C8cx/wKbvrXcsfpCCF110rH5QjhdTc+p+0IkXZ3jNHghiq5R7jR3IZq+bdJp5UIcXVPPWeFiIn07x1njIo++o9zZ8GIqXWvS2epiBh2h54K9mEnX5rhQLmbRdcpdwi7m0nUnXWIvFtCReq7pF4vpehzX/It8un65a/XFSvrOSdfmizV0lJ5b98V6ugHHbfBiA92w3G3uYiN916TbysUWupEeWuFSG92Yg9a41EE3KUcbXuqk755EW13qoZvqYbCXeul7OBjKpT76
__ART__3nJM2KV++r5JTOylIbqZHjb9koC+n4PNvySkHyjHVl+aoZtPYpsvzdMt9Ny7Ly3QLTnug5cW6Vbl7nOXlugw6b5ySYxhrYdTyJRk2HBwGpnSDNtynGGmHMNuEmeVqciw18NjM5UZDhw8JVOF4ViOD8tUYzhN4mMzNRnOeh7pmQiGC8cjPxPJcC33qM5EMdwmPZozjRhoPc/uzFOmDAzHczDTjIEt95zLtGC4T3quZFozcHoEhcv2DDyHoHHZmeFRTjC8jGZ4ThKsLuMYBD0v7GUCw4vjRblMZHiXe4VdJjF8Jr1iL1MZRD3v9Mt0hi/HO/8ym+FX7l19OYThP+ndfDmcQdLz6b4cySBzfAYvRzEo5T5zl6MZAZM+K5fjGFQ9osKVREYgh6hxhccIKicaXkll0CaJVlcyGHQ9X+yVTAaD40u5ksVglvuG
__ART__XcllsCZ9Y68UMNh6fulXihkcjl/+FT6DW+5XfaWSETzp13ylhhGi5999pZ4RyvEfvNLACCv3n7vSyDg46b9ypYURrkdSuNrGOMQhaVztYESUkwyvdjIOT5KsrvYwIvXI2Ku9jCMcMuVqH+NoOTnsaj/j2CQ59uoQI0qPkn5VwDjOoeRfFTJOlFOqr84wTk5Smq/OM6L1ArqvLjBiOAGDVxcZseUBc1eXGKcmA1auijHj9KgKWZLMeA5VI0uamVBONcySY56epFplKTIT9QKxWcrMJE4gJUuFeaY8MCxLjXl2MjA2S5PJ0wtKz0IwkzlB+VlIZkp5UHUWinluMqg5y4iZqkfrzjJlpnFog1lmzPRy2lyWBfP8JG0ly5qZoUdXuGbPvMCha1xzZl4spxteQzMvTdKtruGYmXoM7DUC8zKHQblGZF4pZ4Rd
__ART__IzGvTjJir1GZWXrM9Gt05jUOM/8am5ldzqy+FsLMmWQ2Xwtn5uqxuq9FMvM4rMFrUcz8ctbctWjm9UnWyrU4ZoEeWyE7kXmDw9bI5jELy9mG2anMokm2VXYGs1iPg83OZJZwOJTsLGZpOScsO5dZNsmJzS5g8vW46dnFzHIONz+bz6wo51ZnVzJvTnKbs2uYlXrB3dn1zCpO8GB2A7O6PHguu5F5azJ4JbuFWaMXopDTxqzlhGjkdDDrykMMczqZtydDrHJ6mPV6odicXuYdTiglp495tzw0LKefeW8yNDZniNmgF5aeI2De54Tl5wiZD8rDqnNmmA8nw5pz5pmNege7cxaYTZyDgzmLzObyg3M5S8xHkwdXcsRYLXrhCrmSrFZOuEauNOtxebhhrhzryWS4Va4iq03vEDZXmfWUc4iSq8J6Vn4oLFeN
__ART__1T55KDZXk9WhF5Gei2A950Tk5yJZL8ojqnNPoVgvJyOac41YnXqHu3NNWV2cw4O5Zqzu8sNzuRasV5OHV3KtWT16kQp59qzXnEiNPGfWm/JIwzw06+1kpFUejtWrdwSbR2C94xyh5BFZ78uPhOWRWB8mj8TmUVl9ekfT8+isj5yj+Xls1qfyo9V5IazPk0eb88JZ/XrHuvMiWQOcY4N5UazB8mNzedGsL5PHVvLiWEN6UQr5iaxhTpRGPo81Uh5lmJ/KGp2MssrPYAn0jmPzM1ljnOOU/CzWePnxsPxc1sTk8dj8ApZQ70R6fjFrknMiP5/Pmio/UZ1fyZqePNGcX8Oa0TvZnV/PmuWcHMxvYM2Vn5zLb2R9nTy5kt/CmteLVrjexvrGida43sH6Xh5teL2T9d9ktNX1HtaCXgz2ei/rByeGcr2P9bM8
__ART__Jux6P+vXZEzs9SHWol5s+nUB6zcnNv+6kPWnPLb6+gzr72Rs8/V51pLeqe7rC6xlzqnB64uslfJTc9eXWP8mT61cF2OL6ccpFEiyxblxGgXS7FUVcYYFcmyJqTirAkW2pH48tkCZvZobTylQYUtVxIcVqLHXTMXHFmiypfUT0gsQbBluQn4Bki1bkVBdgGKvnUpoLjBiy+mf7i4wZctzTw8WmLEVKk7PFViw102dXimwZivqJyrcsGcrcRM1bjiz11ckGt5AszdMJVrdwLGV9ZOwNwjsjdwkyg0ie1NFUtgNEnvzVFLsDSpbRf9M+g06ewv3TP4NNntrxZnqGyFs1akzzTfC2Wr6Z7tvRLLVuWcHb0SxNSrOzt2IZm+bOrtyI46tqc9TKExkb+fyNAp57B0VPMPCVLbWFM+qMION0E/GFmaytbnJlMIs
__ART__tk5FclhhLlt3Kjm2sICN1E9JLyxm63FT8gv5bP2KlOrCSvbOqZTmwho2Sv9cd2E924B7brCwgW1YcW6usJG9a+rcSmEL20g/VaGojW3MTdUo6mCbVKQaFnWyd0+lWhX1sE3107BFvew93DRKUR97b0VaWFE/e99UWmzRENtMPz29SMDez03PLxKyD1SkVxfNsM2n0puL5tkW+ue7ixbYltzzg0WLbKuK83NFS2yYOr9SJMax1s9QKJbk2HAzNIqlObYVGYbFchy7qQyrYkWOvf4FbLEyx4F7gVKswnGsuBBWrMZxmroQW6zJcda/mF58CsFx4V7ML0ZyXCsuVhejOG5TF5uLjTho/UvdxaYcDPfSYLEZB1txaa7YguM+dWml2JqD089UKLHn4LmZGiXOHI+KTMMSNMdzKtOqBMch6F/GlhA4XtzLlBIi
__ART__x7viclgJieMzdTm2hMoh6l9JL6FzfLlX8kvYHL+KK9UlIRz/qSvNJeEckv7V7pJIDpl7dbAkikOpuDpXEs0JmLq6UhLHoepnKZQmcgK5WRqlPE5QRZZhaSqHNpVlVZrBoetfw5Zmchjca5TSLA6z4lpYaS6HNXUttrSAw9bPTi8t5nC42fmlfA63Iru6tJITPJXdXFrDCdHP6S6t54RycwZLGzhhFTlzpY2cg1M5K6UtnHD9XIWyNs4hbq5GWQcnoiLXsKyTc3gq16qshxOpn4ct6+Uc4eZRyvo4Ryvywsr6Ocem8mLLhjhR+vnpZQLOcW5+fpmQc6Iiv7pshnNyKr+5bJ4TrX+9u2yBE8O9Pli2yImtuD5XtsQ5NXV9pUyMG6dfoMCX5MZzCzT40tyEigJDvhz39FSBFV+Rm6h/A8tX5iZxb1D4Ktwz
__ART__FTfC+Grcs1M3YvmaXJ5+YTofwU3mFubzkdyUisJqPop7bqqwmW/ETdUv6uabctO4RYN8M256RdEc34J7fqpohW/NzdAvVii3517gFmuUO3MvVhQblqO5l6aKrcpx3Ez9Emw5gXuZW0IpJ3KvVJSElZO4V6dKYsup3Cz90vRyOvcatzS/nM3NriitLg/h5kyVNpeHc3P1y7rLI7l53LLB8ihufkXZXHk09/pU2Up5HLdAn69Qkci9weVrVPC4hRV8w4pUbtEU36oig1usX46tyOSWcMspFVnc0orysIpcbtlUeWxFAZevX5FeUcwt51bkV/C5FRUV1RWV3JtTFc0VNdxK/ZvdFfXcKu7NwYoGbnXFzbmKRu6tqZsrFS3cGv1KhZtt3FpupcbNDm5dRaXhzU7u7alKq5s93Hr9KuzNXu4dbhXlZh/3bkVV
__ART__2M1+7r2pqtibQ9wG/er0mwLufW51/k0h90FFdfXNGe7Dqermm/PcRv1b3TcXuE3cW4M3F7nNFbfmbi5xH03dWrkpFtyiX6NQKRncyq3RqJQOflxRY1gpF/xkqsaqUjG4Tb8WW6kc/JRbS6lUCX5WURtWeUotuH2qNrZSM7hDvy69EhH8nFuXX4kMflFRV12JCn45VddcaRTcqX+7u9I0uIt7e7DSLLi74vZcpUXwq6nbK5XWwT369QpV9sGvufUaVc7BbyrqDavQwW+n6q2qcMG9+newVYTgd9w7lCpi8PuKO2FVpOAPU3diq6jBffp306vowR+5d/Or2MGfKu5WV4UEf56621wVHtyvf6+7KjJ4gHtvsCoqeLDi3lxVdPCXqXsrVXHBQ/oNCtWJwcPcBo1qXvBIRYNhdWrw6FSDVXVGsED/PrY6M3iM
__ART__e59SnRU8XnE/rDo3eGLqfmx1QbBQ/0F6dXHwJPdBfjU/eKriQXV1ZfD01IPm6prgGf2H3dX1wbPch4PVDcFzFQ/nqhuDv049XKluCZ7Xb1S41Rb8jduocasj+HtFo+GtzuD/phqtbvUEL+g3YW/1Bv/gNlFu9QX/rGgKu9Uf/GuqKfbWUPCifnP6LUHwb25z/i1h8J+K5upbM8F/p5qbb80HL+k/6r61ELzMfTR4azF4peLR3K2l4H9Tj1ZuiYWI7WxRqJEMEQ9u0aiRDll1s8WwRi5EYrrFqkYxRHJnK7ZGOWR1cCulRiVE6mZrWI1ayJrp1tgazRDpnY/TaxAhMsGP82uQIbI3H1fXoELWTj9urjEKkdv5pLvGNEQ++MlgjdnM32xRHsxR6z4/+VMDKEXVNtlaO5SSf9vWWifU+hxRSNxQGz63Hah1
__ART__RymrPnWt9URt9H/qV+uD2pQjSo4/avPnpydqA1Aqqs9SammoLf7PsmtZqK05ojgFo1Q/P3tQexClptr+ovYwSt2//VPtMZRGjihiJ1HbPrf/qT2F0lTtkK07jdru37G17ixqR44od+dQWp87DtSdRyFUn7vWXUJp+z/3q7uK0skRhTEHpfv5+Ym66yik6ouUuiKUnv+L7LoylH6OKKE3UTs/v3hQdwuFUn35ou42ysD/5ae6eyjDHFFsH6J2fX75p+4Ryki1U/b2E5Sxf+fW2+0okxxRll+idn/uPHD7FcpUtcv19lvUHv8uv9sfUHtzRAH/jNr3uevE7S8oM9XulNujqP3+3dm3J1AHckSpn0aZf+5+cPsrykL11Yvb/6Es/V99uv0LZZUjOoW/KPj86s/tfyhr1R7ZegkDG/+erfVrDGxzRPex1sDu
__ART__c8+B+nUG9qqvXetZGwwc/F/71W82cMwRXY2qgdPn1yfqtxk4q75JqdcycPF/k12va+CaIzqlnQZun988qN9lgFZ9+6J+twHG/+2n+n0G2BzRfZkbuH9++6ceDHCqvbJ37Azw/r1b7zgZeOSIjs7NwPNz74E77gYE1XeudzwNvPzf+d3xMfDOEV2iv4HP53cn7gQYEFXfp9yhGfj6v8++wzLwyxGdZ7CB/+f3D+4cNCCpfnhx57AB2f/DpzvHDCg5opv9v3auLbaNrAxP02w2m4Zlq1WMk4lEFLQGROes7cRdEpDQ2Ikde5t07aq+zaIwMx7bk8zYrj2OY4fQQlkKKWyB7tLdzNLCdpcuiwRIgG/7QCQekAISDzxsm+k1vaRdHnjgASlIwDkzk8RNnGqR9oGH+RTNzDn/me/7z3/O+ZynmSMmlffXf3ec
__ART__+Ap+uaN8kqCpyz3lUwQjw4N8mmCVy8PlM0QMv+IrnyU46kq0fI6Iy/B0y0RCuVIqXyCS+MpC+SLBUyuL5UvElAyP/C+IaWWlXv4VIeDKcvk3hEgpK+UKkZKhD7xHpBVlvfx7IoNf7aj8gThGXe2p/JHIytAc/kTklKvDlb8QEn7NV/krkaeuRSvvEzMydAyFKCjXSpUbxCx+faFymyhS1xcra0RJhjbyN2JOuV6v/J34Kn5jufIPYp66sVL5J/E1GXrLv4jjyo31yn+IE/jNjupe8HXqZk/1cfANGRrOPnBSuTlc/Tj4Jn7LV30avETdilY/Ab4lQxfCwSnlVqn6SfBtfHWh+inwHWp1sfppsCBDa/ocOK2s1qvPgu/it5erA+B71O2V6nPgZRn61RfAGeX2evVL4Pv4nY6aC/yAutNT84AfytDEngdn
__ART__lTvDtcPgFfyur3YEvErdjdZC4EcydDYKnFPulmqT4DX83kKNBa9T9xZrCbAoQ7ubBrJyr15LgzfwteVaDvyYWlupFcB5GXrgHLigrK3XjoOf4Pc76ifBT6n7PfVT4E0ZGuNpcFG5P1w/A97CH/jqZ8Hb1INo/Rz4mQzdUgaXlAel+gXwDv7BQv0i+Dn1wWL9EnhXhhba1dotODBzW45NciLd1YF1dT7TYn48Rkt0jpOewQ71YpjWt5fOihvtVth+IpsuTPKpGDertduKk1I2z2FdHVojk00zmGnpvT3dvd0vWrDers5uB9b2VPcmeVcLipp+22Kqtlh+vcfS3nsQ+0xnPifQmRxHJ7iUZG5n07xgt1qt+/dj3Qe6WruwrhYMXp6Cty+all56urut24I+dAmTapRAuer0L7eYVvdYzu+1LLUg/g73JEtL
__ART__TDqdk8yPkZNZutCU+sTqE9uoW3XqrWnrAm88aDFdpy2vuSxvtvaa29f2YirM7ZgO9LHOnb3NZD/bXFKvrK73S9xU77QsxS0n4lBuD9ZMbmfvh5Dr2JJDa7exPBeeNP25+jHL+Vv7LPXs//Y10kcpmpbe2Y8ELO2mf7/7JBxqbsvQqRidMy8/NtevFniSTQt5MZXrH+6jvnygr19rasXntvWqzbn+FC1y8Klf32L9MB7nOSE22SSgyU1KxYwayad4Nh3jUCSVFzPFzUCameJY9Q2Rk2hEAHtTeUGYP9C3pQh33E41vfOjVdrcgDv1HgptU+VT0sHBnZqb3Y+S1DbgTr2t/o9UDG2/ZmIb/dvE4kKabirXENguiHYOLUlZnslL6l6am0d7KcvRUjqLmv0Cz2TpbBHxZIp0FpYW8cxw2RyfTqFe+wCwAlv/
__ART__/FZCjUFgBwP985i5kwwEDoeGNX81L+17FsGaGCVJ0k9qeJ4kB0lngnSTZIJ0JdQ+p/OheAHdRxviI1p7g0WNe9Hdqd7RoJEIujlRZDztgk/PeUUhH/UEB8P2iRlmLCgxqXH+MO9kwkcKCa+o9wlDGUYMCJwnWPJOpRMhmzXndfmmGPusjQk5tL6BHM+Ibil6xHsQxqYj4UCStQetXh7xRDPR0Ox02O5IMqGjkJ/kox63NRKeEGIuL+IqREIO+M5EPDYmFHQOGyMKUCMgaBwOGxN2OsIDAQfr0TgYu+9YNDSha9iEmMet6qJ8mFQwx4zBPMceyivJilb+kAvqi4LAeALxZjHW44Y1cZcatWIhRyZiH5qGY1G++VjIVuCCQ1Yu7BSQnlcc4mkxOKXPR4rCPNQ5Im4PzN0zO3TIheq9VQNWHBoI27X671an
__ART__HWNSziRciyRra9QW8rGRiHW3OtEhh3Viyq/OjQkFrZFQIBnzjKJ1hvOYzcXhWnNFXz4Ssml8KQGug8+mz1WkQ8Fc1D20W7zZ2mWYlN8+4dqtVo35fqh1g/NxFhm7d7e1eyjebP2i4uxMJPyonKI5xu5+dJ2C6r5PxsYCRTrks8X088ANaOeBFYNw/FBR7Sv6cnBMMRL2ObSaOR3wucgMsCp/TAwWWbsww/Aof29xvDhYODQ1yqO1aFhjezTsK9GhobzKMeXNj/ODJW/KCg9wBFmCXvtx+HwUne80Oto5dBlTneDzqnGo7lCCJoOaoyOqSbhIctMvVKh8G3XUDCeBfCOC7hoSzgKyKpUyufmSxq/Bgy6ormwqKEDRcX28lh50qm3vT29734cujXteT3Uc+ZezQHo3R6p8I+wGnzOw1dvAN6ImGfZJ5PgU
__ART__mr+fdPoRH8yT1YLOhiL4j/q3SuffJHEiK/WgveAuRcN+/ZWtOGbuy9DZY3lOIthMhlB/GPp04+/TfhK6X4T/JDf+YfF9GPYCGbBhBgwYMGDAgAEDBgwYMGDAgAEDBgwYMGDAgAEDBgwYMGDAgAEDBgwYMGDg/wH/BUVLSR8AgAIA__ARTIFACTS_END__
BOOTSTRAP FINISHED

